{
    "vid_id": "0eCScMSsl_Y.mkv", 
    "steps": [
        {
            "end_frame": 131, 
            "start_frame": 101, 
            "desc": "cut chicken"
        }, 
        {
            "end_frame": 220, 
            "start_frame": 195, 
            "desc": "add olive oil"
        }, 
        {
            "end_frame": 258, 
            "start_frame": 228, 
            "desc": "beat egg"
        }, 
        {
            "end_frame": 314, 
            "start_frame": 273, 
            "desc": "mix ingredients"
        }, 
        {
            "end_frame": 359, 
            "start_frame": 321, 
            "desc": "dip the chicken into the egg"
        }, 
        {
            "end_frame": 441, 
            "start_frame": 389, 
            "desc": "cook the chicken"
        }, 
        {
            "end_frame": 573, 
            "start_frame": 522, 
            "desc": "add cheese on chicken"
        }, 
        {
            "end_frame": 598, 
            "start_frame": 585, 
            "desc": "cook chicken in oven"
        }, 
        {
            "end_frame": 665, 
            "start_frame": 613, 
            "desc": "serve"
        }
    ], 
    "FPS": 5.0
}