{
    "vid_id": "1dGBRGtyzX0", 
    "steps": [
        {
            "end_frame": "160", 
            "start_frame": "27", 
            "desc": "crack eggs"
        }, 
        {
            "end_frame": "400", 
            "start_frame": "170", 
            "desc": "scramble eggs"
        }, 
        {
            "end_frame": "645", 
            "start_frame": "533", 
            "desc": "add oil to pan"
        }, 
        {
            "end_frame": "681", 
            "start_frame": "646", 
            "desc": "add eggs to pan"
        }, 
        {
            "end_frame": "810", 
            "start_frame": "684", 
            "desc": "move eggs around"
        }, 
        {
            "end_frame": "1005", 
            "start_frame": "814", 
            "desc": "add greens"
        }, 
        {
            "end_frame": "1180", 
            "start_frame": "1030", 
            "desc": "fold"
        }, 
        {
            "end_frame": "1220", 
            "start_frame": "1189", 
            "desc": "put into plate"
        }, 
        {
            "end_frame": "1320", 
            "start_frame": "1245", 
            "desc": "add spices"
        }
    ], 
    "FPS": 5.0
}