{
    "vid_id": "4H4KtT-Dbbg", 
    "steps": [
        {
            "end_frame": "320", 
            "start_frame": "240", 
            "desc": "pour juice"
        }, 
        {
            "end_frame": "380", 
            "start_frame": "333", 
            "desc": "add jello"
        }, 
        {
            "end_frame": "479", 
            "start_frame": "392", 
            "desc": "mix"
        }, 
        {
            "end_frame": "560", 
            "start_frame": "495", 
            "desc": "pour alcohol into cup"
        }, 
        {
            "end_frame": "619", 
            "start_frame": "590", 
            "desc": "mix"
        }, 
        {
            "end_frame": "660", 
            "start_frame": "633", 
            "desc": "pour into jellinator"
        }, 
        {
            "end_frame": "920", 
            "start_frame": "674", 
            "desc": "split to cups"
        }
    ], 
    "FPS": 5.0
}