{
    "vid_id": "5cwg5mURihI", 
    "steps": [
        {
            "end_frame": 242, 
            "start_frame": 112, 
            "desc": "wrap the chicken"
        }, 
        {
            "end_frame": 312, 
            "start_frame": 251, 
            "desc": "add flour"
        }, 
        {
            "end_frame": 386, 
            "start_frame": 331, 
            "desc": "add spices"
        }, 
        {
            "end_frame": 495, 
            "start_frame": 439, 
            "desc": "stir an egg"
        }, 
        {
            "end_frame": 606, 
            "start_frame": 512, 
            "desc": "cover the chicken with the egg"
        }, 
        {
            "end_frame": 816, 
            "start_frame": 730, 
            "desc": " add the breaded chicken"
        }, 
        {
            "end_frame": 958, 
            "start_frame": 923, 
            "desc": "turn the chicken"
        }, 
        {
            "end_frame": 1069, 
            "start_frame": 1030, 
            "desc": "put tomato sauce"
        }, 
        {
            "end_frame": 1129, 
            "start_frame": 1089, 
            "desc": "put mozzarella cheese"
        }, 
        {
            "end_frame": 1166, 
            "start_frame": 1136, 
            "desc": "put parmesan cheese"
        }, 
        {
            "end_frame": 1205, 
            "start_frame": 1170, 
            "desc": "put the chicken into the oven"
        }, 
        {
            "end_frame": 1324, 
            "start_frame": 1275, 
            "desc": "put tomato sauce"
        }, 
        {
            "end_frame": 1406, 
            "start_frame": 1348, 
            "desc": "serve the chicken"
        }
    ], 
    "FPS": 5.0
}