{
    "vid_id": "9cgx2Pyeq7Y", 
    "steps": [
        {
            "end_frame": "276", 
            "start_frame": "258", 
            "desc": "put jello"
        }, 
        {
            "end_frame": "285", 
            "start_frame": "276", 
            "desc": "pour water"
        }, 
        {
            "end_frame": "302", 
            "start_frame": "291", 
            "desc": "mix"
        }, 
        {
            "end_frame": "318", 
            "start_frame": "303", 
            "desc": "pour alcohol"
        }, 
        {
            "end_frame": "347", 
            "start_frame": "321", 
            "desc": "split two glasses"
        }, 
        {
            "end_frame": "364", 
            "start_frame": "348", 
            "desc": "put into container"
        }
    ], 
    "FPS": 5.0
}