{
    "vid_id": "9F5FvWheSrg", 
    "steps": [
        {
            "end_frame": 350, 
            "start_frame": 273, 
            "desc": "add tomato onion green chili and rice"
        }, 
        {
            "end_frame": 416, 
            "start_frame": 360, 
            "desc": "add water"
        }, 
        {
            "end_frame": 549, 
            "start_frame": 424, 
            "desc": "boil it"
        }, 
        {
            "end_frame": 697, 
            "start_frame": 600, 
            "desc": "strain"
        }, 
        {
            "end_frame": 819, 
            "start_frame": 724, 
            "desc": "blend"
        }, 
        {
            "end_frame": 1053, 
            "start_frame": 901, 
            "desc": "add water"
        }, 
        {
            "end_frame": 1154, 
            "start_frame": 1100, 
            "desc": "boil"
        }
    ], 
    "FPS": 5.0
}