{
    "vid_id": "__5RJw4UP1Y", 
    "steps": [
        {
            "end_frame": 159, 
            "start_frame": 133, 
            "desc": "chop parsley"
        }, 
        {
            "end_frame": 196, 
            "start_frame": 160, 
            "desc": "add beef"
        }, 
        {
            "end_frame": 221, 
            "start_frame": 190, 
            "desc": "add cheese"
        }, 
        {
            "end_frame": 254, 
            "start_frame": 224, 
            "desc": "add an egg and mix"
        }, 
        {
            "end_frame": 269, 
            "start_frame": 258, 
            "desc": "add breadcrumbs"
        }, 
        {
            "end_frame": 353, 
            "start_frame": 265, 
            "desc": "form balls"
        }, 
        {
            "end_frame": 401, 
            "start_frame": 355, 
            "desc": "pour tomato sauce"
        }, 
        {
            "end_frame": 468, 
            "start_frame": 390, 
            "desc": "add the meat"
        }, 
        {
            "end_frame": 526, 
            "start_frame": 469, 
            "desc": "cook the pasta"
        }, 
        {
            "end_frame": 599, 
            "start_frame": 528, 
            "desc": "mix spaghetti and meat"
        }, 
        {
            "end_frame": 684, 
            "start_frame": 627, 
            "desc": "add cheese"
        }
    ], 
    "FPS": 5.0
}