{
    "vid_id": "B2oK-Y26eSI", 
    "steps": [
        {
            "end_frame": "260", 
            "start_frame": "179", 
            "desc": "wrap chicken"
        }, 
        {
            "end_frame": "410", 
            "start_frame": "217", 
            "desc": "beat the chicken"
        }, 
        {
            "end_frame": "457", 
            "start_frame": "429", 
            "desc": "unwrap the chicken"
        }, 
        {
            "end_frame": "527", 
            "start_frame": "463", 
            "desc": "cut the chicken"
        }, 
        {
            "end_frame": "616", 
            "start_frame": "559", 
            "desc": "add salt"
        }, 
        {
            "end_frame": "833", 
            "start_frame": "635", 
            "desc": "marinate the chicken"
        }, 
        {
            "end_frame": "952", 
            "start_frame": "848", 
            "desc": "add oil"
        }, 
        {
            "end_frame": "1281", 
            "start_frame": "955", 
            "desc": "fry"
        }, 
        {
            "end_frame": "1305", 
            "start_frame": "1282", 
            "desc": "flip"
        }, 
        {
            "end_frame": "1322", 
            "start_frame": "1308", 
            "desc": "serve"
        }
    ], 
    "FPS": 5.0
}