{
    "vid_id": "bp-m0CGtCPo", 
    "steps": [
        {
            "end_frame": 194, 
            "start_frame": 36, 
            "desc": "mix in a bowl"
        }, 
        {
            "end_frame": 352, 
            "start_frame": 193, 
            "desc": "form meat bals"
        }, 
        {
            "end_frame": 526, 
            "start_frame": 369, 
            "desc": "add meat balls"
        }, 
        {
            "end_frame": 597, 
            "start_frame": 533, 
            "desc": "add tomato"
        }, 
        {
            "end_frame": 776, 
            "start_frame": 745, 
            "desc": "cook pasta"
        }, 
        {
            "end_frame": 856, 
            "start_frame": 791, 
            "desc": "strain the pasta"
        }, 
        {
            "end_frame": 905, 
            "start_frame": 876, 
            "desc": "put pasta on a plate"
        }, 
        {
            "end_frame": 1050, 
            "start_frame": 908, 
            "desc": "add cheese"
        }
    ], 
    "FPS": 5.0
}