{
    "vid_id": "crea9-hNNw4", 
    "steps": [
        {
            "end_frame": "297", 
            "start_frame": "274", 
            "desc": "add milk"
        }, 
        {
            "end_frame": "327", 
            "start_frame": "301", 
            "desc": "add ice cream"
        }, 
        {
            "end_frame": "356", 
            "start_frame": "338", 
            "desc": "shake"
        }, 
        {
            "end_frame": "381", 
            "start_frame": "363", 
            "desc": "blender"
        }
    ], 
    "FPS": 5.0
}