{
    "vid_id": "fzfyfHUPfoo", 
    "steps": [
        {
            "end_frame": "217", 
            "start_frame": "189", 
            "desc": "add ice cream"
        }, 
        {
            "end_frame": "244", 
            "start_frame": "220", 
            "desc": "heat up scoops"
        }, 
        {
            "end_frame": "270", 
            "start_frame": "246", 
            "desc": "pour into mixer"
        }, 
        {
            "end_frame": "333", 
            "start_frame": "305", 
            "desc": "mix"
        }, 
        {
            "end_frame": "385", 
            "start_frame": "336", 
            "desc": "serve"
        }
    ], 
    "FPS": 5.0
}