{
    "vid_id": "FzZwTnbxQTg", 
    "steps": [
        {
            "end_frame": "490", 
            "start_frame": "335", 
            "desc": "add soy souce"
        }, 
        {
            "end_frame": "800", 
            "start_frame": "525", 
            "desc": "add worcestershire souce"
        }, 
        {
            "end_frame": "1255", 
            "start_frame": "865", 
            "desc": "cut"
        }, 
        {
            "end_frame": "1700", 
            "start_frame": "1315", 
            "desc": "marinate"
        }, 
        {
            "end_frame": "2835", 
            "start_frame": "2125", 
            "desc": "lay the beef on over tray"
        }, 
        {
            "end_frame": "4450", 
            "start_frame": "2900", 
            "desc": "dehydrate on low temperature"
        }
    ], 
    "FPS": 5.0
}