{
    "vid_id": "GcX6KF-pNQU", 
    "steps": [
        {
            "end_frame": "1000", 
            "start_frame": "60", 
            "desc": "freeze the gum"
        }, 
        {
            "end_frame": "160", 
            "start_frame": "110", 
            "desc": "scrub off with a knife"
        }, 
        {
            "end_frame": "250", 
            "start_frame": "165", 
            "desc": "add detergent"
        }, 
        {
            "end_frame": "270", 
            "start_frame": "250", 
            "desc": "wash"
        }
    ], 
    "FPS": 5.0
}