{
    "vid_id": "HdTnVFgIf70", 
    "steps": [
        {
            "end_frame": "300", 
            "start_frame": "197", 
            "desc": "add salt"
        }, 
        {
            "end_frame": "324", 
            "start_frame": "301", 
            "desc": "flip"
        }, 
        {
            "end_frame": "407", 
            "start_frame": "329", 
            "desc": "add salt"
        }, 
        {
            "end_frame": "455", 
            "start_frame": "409", 
            "desc": "add oil"
        }, 
        {
            "end_frame": "605", 
            "start_frame": "461", 
            "desc": "put into pan"
        }, 
        {
            "end_frame": "677", 
            "start_frame": "608", 
            "desc": "flip"
        }, 
        {
            "end_frame": "760", 
            "start_frame": "702", 
            "desc": "flip"
        }, 
        {
            "end_frame": "934", 
            "start_frame": "828", 
            "desc": "flip"
        }, 
        {
            "end_frame": "1028", 
            "start_frame": "962", 
            "desc": "serve"
        }
    ], 
    "FPS": 5.0
}