{
    "vid_id": "HXJx8j7JpKY", 
    "steps": [
        {
            "end_frame": "210", 
            "start_frame": "195", 
            "desc": "cross left to righ"
        }, 
        {
            "end_frame": "315", 
            "start_frame": "255", 
            "desc": "thread it"
        }, 
        {
            "end_frame": "385", 
            "start_frame": "335", 
            "desc": "wrap around the back"
        }, 
        {
            "end_frame": "460", 
            "start_frame": "420", 
            "desc": "thread it"
        }, 
        {
            "end_frame": "600", 
            "start_frame": "550", 
            "desc": "wrap"
        }, 
        {
            "end_frame": "750", 
            "start_frame": "625", 
            "desc": "thread"
        }, 
        {
            "end_frame": "850", 
            "start_frame": "750", 
            "desc": "adjust"
        }
    ], 
    "FPS": 5.0
}