{
    "vid_id": "iNilMYcqhGg", 
    "steps": [
        {
            "end_frame": "80", 
            "start_frame": "50", 
            "desc": "unscrew the cap"
        }, 
        {
            "end_frame": "140", 
            "start_frame": "90", 
            "desc": "unscrew the middle"
        }, 
        {
            "end_frame": "400", 
            "start_frame": "330", 
            "desc": "pour baking soda"
        }, 
        {
            "end_frame": "600", 
            "start_frame": "525", 
            "desc": "pour vinegar"
        }
    ], 
    "FPS": 5.0
}