{
    "vid_id": "jDVo0XW2GOM", 
    "steps": [
        {
            "end_frame": "500", 
            "start_frame": "240", 
            "desc": "cut the beef"
        }, 
        {
            "end_frame": "740", 
            "start_frame": "700", 
            "desc": "put the beef in a bowl"
        }, 
        {
            "end_frame": "765", 
            "start_frame": "745", 
            "desc": "add soy sauce"
        }, 
        {
            "end_frame": "815", 
            "start_frame": "780", 
            "desc": "add brown suger"
        }, 
        {
            "end_frame": "830", 
            "start_frame": "820", 
            "desc": "add onion salt"
        }, 
        {
            "end_frame": "850", 
            "start_frame": "835", 
            "desc": "add black pepper"
        }, 
        {
            "end_frame": "875", 
            "start_frame": "855", 
            "desc": "add chili flakes"
        }, 
        {
            "end_frame": "905", 
            "start_frame": "885", 
            "desc": "add worcestershire sauce"
        }, 
        {
            "end_frame": "950", 
            "start_frame": "920", 
            "desc": "mix"
        }, 
        {
            "end_frame": "1350", 
            "start_frame": "1200", 
            "desc": "put on the oven tray"
        }, 
        {
            "end_frame": "1430", 
            "start_frame": "1405", 
            "desc": "blow air with fan"
        }, 
        {
            "end_frame": "1575", 
            "start_frame": "1500", 
            "desc": "add seasoning"
        }, 
        {
            "end_frame": "1650", 
            "start_frame": "1590", 
            "desc": "blow air with fan"
        }, 
        {
            "end_frame": "1925", 
            "start_frame": "1900", 
            "desc": "cut"
        }, 
        {
            "end_frame": "1990", 
            "start_frame": "1965", 
            "desc": "cut"
        }
    ], 
    "FPS": 5.0
}