{
    "vid_id": "MZiRrf2Zip4", 
    "steps": [
        {
            "end_frame": "250", 
            "start_frame": "190", 
            "desc": "put steak in the freezer"
        }, 
        {
            "end_frame": "300", 
            "start_frame": "265", 
            "desc": "add soy souce"
        }, 
        {
            "end_frame": "300", 
            "start_frame": "335", 
            "desc": "add worcestershire souce"
        }, 
        {
            "end_frame": "365", 
            "start_frame": "335", 
            "desc": "add garlic powder"
        }, 
        {
            "end_frame": "405", 
            "start_frame": "385", 
            "desc": "add onion powder"
        }, 
        {
            "end_frame": "450", 
            "start_frame": "420", 
            "desc": "add liquid smoke"
        }, 
        {
            "end_frame": "470", 
            "start_frame": "460", 
            "desc": "whisk"
        }, 
        {
            "end_frame": "865", 
            "start_frame": "600", 
            "desc": "cut"
        }, 
        {
            "end_frame": "1225", 
            "start_frame": "1150", 
            "desc": "marinate"
        }, 
        {
            "end_frame": "1400", 
            "start_frame": "1235", 
            "desc": "fill ziploc bag"
        }, 
        {
            "end_frame": "1470", 
            "start_frame": "1420", 
            "desc": "pour souce"
        }, 
        {
            "end_frame": "2100", 
            "start_frame": "1800", 
            "desc": "make layers of beef"
        }, 
        {
            "end_frame": "2400", 
            "start_frame": "2125", 
            "desc": "lay the beef on over tray"
        }, 
        {
            "end_frame": "2750", 
            "start_frame": "2500", 
            "desc": "dehydrate on low temperature"
        }
    ], 
    "FPS": 5.0
}