{
    "vid_id": "Nbh64ntT3EM", 
    "steps": [
        {
            "end_frame": 215, 
            "start_frame": 126, 
            "desc": "break eggs"
        }, 
        {
            "end_frame": 269, 
            "start_frame": 234, 
            "desc": "heat pan"
        }, 
        {
            "end_frame": 341, 
            "start_frame": 299, 
            "desc": "mix the cream and eggs"
        }, 
        {
            "end_frame": 616, 
            "start_frame": 361, 
            "desc": "add butter to the pan"
        }, 
        {
            "end_frame": 697, 
            "start_frame": 621, 
            "desc": "pour the egg to the pan"
        }, 
        {
            "end_frame": 1004, 
            "start_frame": 805, 
            "desc": "cook"
        }
    ], 
    "FPS": 5.0
}