{
    "vid_id": "NIsVHTZnZQ4", 
    "steps": [
        {
            "end_frame": "155", 
            "start_frame": "145", 
            "desc": "fill the bag with ice"
        }, 
        {
            "end_frame": "225", 
            "start_frame": "165", 
            "desc": "freeze the gum"
        }, 
        {
            "end_frame": "275", 
            "start_frame": "250", 
            "desc": "scrub off with a knife"
        }, 
        {
            "end_frame": "310", 
            "start_frame": "275", 
            "desc": "add detergent"
        }, 
        {
            "end_frame": "325", 
            "start_frame": "315", 
            "desc": "wash"
        }
    ], 
    "FPS": 5.0
}