{
    "vid_id": "NZtwPf32YN4", 
    "steps": [
        {
            "end_frame": 174, 
            "start_frame": 87, 
            "desc": "crack the eggs"
        }, 
        {
            "end_frame": 244, 
            "start_frame": 185, 
            "desc": "add milk creme and butter"
        }, 
        {
            "end_frame": 325, 
            "start_frame": 245, 
            "desc": " whisk"
        }, 
        {
            "end_frame": 363, 
            "start_frame": 353, 
            "desc": "place the bowl over a water"
        }, 
        {
            "end_frame": 494, 
            "start_frame": 369, 
            "desc": "stir"
        }, 
        {
            "end_frame": 640, 
            "start_frame": 535, 
            "desc": "melt the butter"
        }, 
        {
            "end_frame": 865, 
            "start_frame": 841, 
            "desc": "slice the salmon"
        }, 
        {
            "end_frame": 941, 
            "start_frame": 924, 
            "desc": "add the salmon"
        }, 
        {
            "end_frame": 958, 
            "start_frame": 937, 
            "desc": "place the eggs"
        }, 
        {
            "end_frame": 1036, 
            "start_frame": 959, 
            "desc": "add vinegar to the eggs"
        }
    ], 
    "FPS": 5.0
}