{
    "vid_id": "OOX012L_cXA", 
    "steps": [
        {
            "end_frame": 278, 
            "start_frame": 250, 
            "desc": "sdd oil into"
        }, 
        {
            "end_frame": 326, 
            "start_frame": 316, 
            "desc": "add chicken"
        }, 
        {
            "end_frame": 434, 
            "start_frame": 383, 
            "desc": "add tomato sauce"
        }, 
        {
            "end_frame": 461, 
            "start_frame": 441, 
            "desc": "pour over chicken"
        }, 
        {
            "end_frame": 565, 
            "start_frame": 548, 
            "desc": "preheat the oven"
        }, 
        {
            "end_frame": 599, 
            "start_frame": 581, 
            "desc": "place the pan in the oven"
        }, 
        {
            "end_frame": 876, 
            "start_frame": 840, 
            "desc": "boil"
        }, 
        {
            "end_frame": 940, 
            "start_frame": 909, 
            "desc": "serve"
        }
    ], 
    "FPS": 5.0
}