{
    "vid_id": "p6opvmmGQaA", 
    "steps": [
        {
            "end_frame": "95", 
            "start_frame": "60", 
            "desc": "wash filter"
        }, 
        {
            "end_frame": "160", 
            "start_frame": "110", 
            "desc": "brew vinegar"
        }, 
        {
            "end_frame": "195", 
            "start_frame": "180", 
            "desc": "scrub with baking soda"
        }, 
        {
            "end_frame": "255", 
            "start_frame": "230", 
            "desc": "rinse"
        }
    ], 
    "FPS": 5.0
}