{
    "vid_id": "PjTIulUYCfI", 
    "steps": [
        {
            "end_frame": "70", 
            "start_frame": "40", 
            "desc": "remove big pieces"
        }, 
        {
            "end_frame": "120", 
            "start_frame": "100", 
            "desc": "put tissue paper on top"
        }, 
        {
            "end_frame": "175", 
            "start_frame": "125", 
            "desc": "iron"
        }, 
        {
            "end_frame": "280", 
            "start_frame": "265", 
            "desc": "put tissue paper on top"
        }, 
        {
            "end_frame": "365", 
            "start_frame": "325", 
            "desc": "iron"
        }
    ], 
    "FPS": 5.0
}