{
    "vid_id": "PLDUqyS2AGA", 
    "steps": [
        {
            "end_frame": "180", 
            "start_frame": "25", 
            "desc": "crack eggs"
        }, 
        {
            "end_frame": "209", 
            "start_frame": "180", 
            "desc": "add salt"
        }, 
        {
            "end_frame": "300", 
            "start_frame": "215", 
            "desc": "whisk"
        }, 
        {
            "end_frame": "500", 
            "start_frame": "400", 
            "desc": "oil the pan"
        }, 
        {
            "end_frame": "565", 
            "start_frame": "500", 
            "desc": "pour"
        }, 
        {
            "end_frame": "815", 
            "start_frame": "580", 
            "desc": "move egg around"
        }, 
        {
            "end_frame": "900", 
            "start_frame": "793", 
            "desc": "fold in pan"
        }, 
        {
            "end_frame": "1035", 
            "start_frame": "1010", 
            "desc": "add to plate"
        }
    ], 
    "FPS": 5.0
}