{
    "vid_id": "PzWsyPHoSyQ", 
    "steps": [
        {
            "end_frame": "75", 
            "start_frame": "18", 
            "desc": "crack eggs"
        }, 
        {
            "end_frame": "160", 
            "start_frame": "85", 
            "desc": "scramble eggs"
        }, 
        {
            "end_frame": "590", 
            "start_frame": "425", 
            "desc": "oil the pan"
        }, 
        {
            "end_frame": "787", 
            "start_frame": "754", 
            "desc": "pour egg into pan"
        }, 
        {
            "end_frame": "1147", 
            "start_frame": "813", 
            "desc": "spatula"
        }, 
        {
            "end_frame": "1230", 
            "start_frame": "1180", 
            "desc": "scheese"
        }, 
        {
            "end_frame": "1350", 
            "start_frame": "1240", 
            "desc": "move egg around"
        }, 
        {
            "end_frame": "1420", 
            "start_frame": "1365", 
            "desc": "put into plate"
        }, 
        {
            "end_frame": "1650", 
            "start_frame": "1565", 
            "desc": "cut the egg"
        }
    ], 
    "FPS": 5.0
}