{
    "vid_id": "pZYXo6vqvd8", 
    "steps": [
        {
            "end_frame": "115", 
            "start_frame": "105", 
            "desc": "cross left to righ"
        }, 
        {
            "end_frame": "140", 
            "start_frame": "115", 
            "desc": "thread it"
        }, 
        {
            "end_frame": "165", 
            "start_frame": "140", 
            "desc": "wrap around the back"
        }, 
        {
            "end_frame": "180", 
            "start_frame": "165", 
            "desc": "thread it"
        }, 
        {
            "end_frame": "210", 
            "start_frame": "195", 
            "desc": "wrap"
        }, 
        {
            "end_frame": "230", 
            "start_frame": "210", 
            "desc": "thread"
        }, 
        {
            "end_frame": "250", 
            "start_frame": "230", 
            "desc": "thread"
        }, 
        {
            "end_frame": "300", 
            "start_frame": "250", 
            "desc": "adjust"
        }
    ], 
    "FPS": 5.0
}