{
    "vid_id": "R4vDqlKMbrk", 
    "steps": [
        {
            "end_frame": "204", 
            "start_frame": "188", 
            "desc": "crack eggs"
        }, 
        {
            "end_frame": "214", 
            "start_frame": "205", 
            "desc": "add salt"
        }, 
        {
            "end_frame": "255", 
            "start_frame": "215", 
            "desc": "mix"
        }, 
        {
            "end_frame": "357", 
            "start_frame": "336", 
            "desc": "set temperature"
        }, 
        {
            "end_frame": "477", 
            "start_frame": "447", 
            "desc": "add eggs"
        }, 
        {
            "end_frame": "495", 
            "start_frame": "478", 
            "desc": "add salt"
        }, 
        {
            "end_frame": "652", 
            "start_frame": "537", 
            "desc": "move egg around"
        }, 
        {
            "end_frame": "694", 
            "start_frame": "681", 
            "desc": "put into a plate"
        }
    ], 
    "FPS": 5.0
}