{
    "vid_id": "RAsemdTGDYk", 
    "steps": [
        {
            "end_frame": 192, 
            "start_frame": 130, 
            "desc": "whisk eggs"
        }, 
        {
            "end_frame": 353, 
            "start_frame": 198, 
            "desc": "add water"
        }, 
        {
            "end_frame": 414, 
            "start_frame": 367, 
            "desc": "add oil to the pan"
        }, 
        {
            "end_frame": 473, 
            "start_frame": 439, 
            "desc": "add the eggs to the pan"
        }, 
        {
            "end_frame": 846, 
            "start_frame": 466, 
            "desc": "move eggs around"
        }, 
        {
            "end_frame": 1040, 
            "start_frame": 989, 
            "desc": "add salt and pepper"
        }
    ], 
    "FPS": 5.0
}