{
    "vid_id": "rE0b0zRkkmo", 
    "steps": [
        {
            "end_frame": "135", 
            "start_frame": "80", 
            "desc": "remove overflow cover"
        }, 
        {
            "end_frame": "200", 
            "start_frame": "145", 
            "desc": "plunge"
        }, 
        {
            "end_frame": "575", 
            "start_frame": "345", 
            "desc": "put the plumber snake in"
        }, 
        {
            "end_frame": "620", 
            "start_frame": "575", 
            "desc": "turn the plumber snake in"
        }, 
        {
            "end_frame": "950", 
            "start_frame": "900", 
            "desc": "pour water"
        }, 
        {
            "end_frame": "1105", 
            "start_frame": "960", 
            "desc": "pull the plumber snake out"
        }, 
        {
            "end_frame": "1200", 
            "start_frame": "1140", 
            "desc": "put the overflow cover back"
        }
    ], 
    "FPS": 5.0
}