{
    "vid_id": "rSHPkVZ0sFA", 
    "steps": [
        {
            "end_frame": "151", 
            "start_frame": "138", 
            "desc": "dry steak"
        }, 
        {
            "end_frame": "159", 
            "start_frame": "152", 
            "desc": "add black pepper"
        }, 
        {
            "end_frame": "408", 
            "start_frame": "307", 
            "desc": "wrap in a folio"
        }, 
        {
            "end_frame": "535", 
            "start_frame": "409", 
            "desc": "put in over"
        }, 
        {
            "end_frame": "670", 
            "start_frame": "575", 
            "desc": "get it out"
        }, 
        {
            "end_frame": "810", 
            "start_frame": "790", 
            "desc": "flip the steak"
        }
    ], 
    "FPS": 5.0
}