{
    "vid_id": "SsafTopywFo", 
    "steps": [
        {
            "end_frame": 364, 
            "start_frame": 225, 
            "desc": "chop ingredients"
        }, 
        {
            "end_frame": 461, 
            "start_frame": 365, 
            "desc": "add oil"
        }, 
        {
            "end_frame": 627, 
            "start_frame": 458, 
            "desc": "peel potatoes"
        }, 
        {
            "end_frame": 770, 
            "start_frame": 628, 
            "desc": "add the potatoes"
        }, 
        {
            "end_frame": 895, 
            "start_frame": 775, 
            "desc": "add green chilies"
        }, 
        {
            "end_frame": 1001, 
            "start_frame": 887, 
            "desc": "add tomatoes"
        }, 
        {
            "end_frame": 1481, 
            "start_frame": 1005, 
            "desc": "stir"
        }, 
        {
            "end_frame": 1915, 
            "start_frame": 1477, 
            "desc": "add chicken stock"
        }, 
        {
            "end_frame": 2172, 
            "start_frame": 1911, 
            "desc": "add fresh basil"
        }, 
        {
            "end_frame": 2424, 
            "start_frame": 2176, 
            "desc": "mix in blender"
        }, 
        {
            "end_frame": 2660, 
            "start_frame": 2423, 
            "desc": "serve"
        }
    ], 
    "FPS": 5.0
}