{
    "vid_id": "T0NPYZyI7V8", 
    "steps": [
        {
            "end_frame": "240", 
            "start_frame": "225", 
            "desc": "cross left to righ"
        }, 
        {
            "end_frame": "270", 
            "start_frame": "240", 
            "desc": "thread it"
        }, 
        {
            "end_frame": "310", 
            "start_frame": "300", 
            "desc": "wrap around the back"
        }, 
        {
            "end_frame": "345", 
            "start_frame": "315", 
            "desc": "thread it"
        }, 
        {
            "end_frame": "455", 
            "start_frame": "425", 
            "desc": "wrap"
        }, 
        {
            "end_frame": "475", 
            "start_frame": "465", 
            "desc": "thread"
        }, 
        {
            "end_frame": "600", 
            "start_frame": "485", 
            "desc": "adjust"
        }
    ], 
    "FPS": 5.0
}