{
    "vid_id": "T4IDl0ywnIs", 
    "steps": [
        {
            "end_frame": "155", 
            "start_frame": "125", 
            "desc": "add worcestershire souce"
        }, 
        {
            "end_frame": "190", 
            "start_frame": "175", 
            "desc": "add soy souce"
        }, 
        {
            "end_frame": "230", 
            "start_frame": "210", 
            "desc": "add black pepper"
        }, 
        {
            "end_frame": "295", 
            "start_frame": "235", 
            "desc": "add paprika"
        }, 
        {
            "end_frame": "325", 
            "start_frame": "300", 
            "desc": "add smoked paprika"
        }, 
        {
            "end_frame": "360", 
            "start_frame": "350", 
            "desc": "add garlic powder"
        }, 
        {
            "end_frame": "375", 
            "start_frame": "365", 
            "desc": "add cayenne"
        }, 
        {
            "end_frame": "400", 
            "start_frame": "380", 
            "desc": "add onion powder"
        }, 
        {
            "end_frame": "460", 
            "start_frame": "410", 
            "desc": "add honey"
        }, 
        {
            "end_frame": "525", 
            "start_frame": "465", 
            "desc": "whisk"
        }, 
        {
            "end_frame": "865", 
            "start_frame": "700", 
            "desc": "marinate"
        }, 
        {
            "end_frame": "900", 
            "start_frame": "865", 
            "desc": "wrap"
        }, 
        {
            "end_frame": "950", 
            "start_frame": "915", 
            "desc": "put in fridge"
        }, 
        {
            "end_frame": "1035", 
            "start_frame": "970", 
            "desc": "dehydrate with towel"
        }, 
        {
            "end_frame": "1160", 
            "start_frame": "1035", 
            "desc": "put it on oven tray"
        }, 
        {
            "end_frame": "1285", 
            "start_frame": "1165", 
            "desc": "deydrate in low temperature"
        }
    ], 
    "FPS": 5.0
}