{
    "vid_id": "TFJ6oR89Vb8", 
    "steps": [
        {
            "end_frame": 276, 
            "start_frame": 232, 
            "desc": "whisk eggs"
        }, 
        {
            "end_frame": 322, 
            "start_frame": 281, 
            "desc": "add feta cheese"
        }, 
        {
            "end_frame": 374, 
            "start_frame": 336, 
            "desc": "add olive oil"
        }, 
        {
            "end_frame": 428, 
            "start_frame": 381, 
            "desc": "pour the eggs"
        }, 
        {
            "end_frame": 524, 
            "start_frame": 444, 
            "desc": "move eggs around"
        }
    ], 
    "FPS": 5.0
}