{
    "vid_id": "th01pwLuWY8", 
    "steps": [
        {
            "end_frame": "95", 
            "start_frame": "68", 
            "desc": "pour milk into measure cup"
        }, 
        {
            "end_frame": "145", 
            "start_frame": "99", 
            "desc": "pour milk into pan"
        }, 
        {
            "end_frame": "200", 
            "start_frame": "145", 
            "desc": "pour cream into measure cup"
        }, 
        {
            "end_frame": "230", 
            "start_frame": "204", 
            "desc": "pour cream into pan"
        }, 
        {
            "end_frame": "276", 
            "start_frame": "236", 
            "desc": "crack eggs"
        }, 
        {
            "end_frame": "305", 
            "start_frame": "278", 
            "desc": "add vanilla extract"
        }, 
        {
            "end_frame": "345", 
            "start_frame": "308", 
            "desc": " whisk"
        }, 
        {
            "end_frame": "474", 
            "start_frame": "402", 
            "desc": "filter"
        }, 
        {
            "end_frame": "514", 
            "start_frame": "494", 
            "desc": "add sugar"
        }, 
        {
            "end_frame": "543", 
            "start_frame": "516", 
            "desc": "mix"
        }, 
        {
            "end_frame": "575", 
            "start_frame": "544", 
            "desc": "put into a bag"
        }, 
        {
            "end_frame": "843", 
            "start_frame": "652", 
            "desc": "use ice cream machine"
        }
    ], 
    "FPS": 5.0
}