{
    "vid_id": "TWJuPDCmmYQ", 
    "steps": [
        {
            "end_frame": "210", 
            "start_frame": "175", 
            "desc": "add vinegar"
        }, 
        {
            "end_frame": "270", 
            "start_frame": "235", 
            "desc": "add water"
        }, 
        {
            "end_frame": "335", 
            "start_frame": "300", 
            "desc": "put filter"
        }, 
        {
            "end_frame": "390", 
            "start_frame": "365", 
            "desc": "pour solution"
        }, 
        {
            "end_frame": "450", 
            "start_frame": "400", 
            "desc": "run the machine"
        }, 
        {
            "end_frame": "725", 
            "start_frame": "565", 
            "desc": "clean the put"
        }, 
        {
            "end_frame": "780", 
            "start_frame": "725", 
            "desc": "add clean water"
        }, 
        {
            "end_frame": "825", 
            "start_frame": "780", 
            "desc": "add filter"
        }, 
        {
            "end_frame": "925", 
            "start_frame": "825", 
            "desc": "pour water"
        }, 
        {
            "end_frame": "1075", 
            "start_frame": "925", 
            "desc": "run the machine with water"
        }
    ], 
    "FPS": 5.0
}