{
    "vid_id": "u_EbTnpbHRk", 
    "steps": [
        {
            "end_frame": 149, 
            "start_frame": 20, 
            "desc": "slice the sausage"
        }, 
        {
            "end_frame": 291, 
            "start_frame": 191, 
            "desc": "mix meat"
        }, 
        {
            "end_frame": 519, 
            "start_frame": 286, 
            "desc": "add egg"
        }, 
        {
            "end_frame": 690, 
            "start_frame": 594, 
            "desc": "mix in pepper"
        }, 
        {
            "end_frame": 798, 
            "start_frame": 691, 
            "desc": "place in refrigerator"
        }, 
        {
            "end_frame": 935, 
            "start_frame": 845, 
            "desc": "place meat in a pan"
        }, 
        {
            "end_frame": 1019, 
            "start_frame": 933, 
            "desc": "cook"
        }, 
        {
            "end_frame": 1185, 
            "start_frame": 1117, 
            "desc": "add sauce"
        }, 
        {
            "end_frame": 1360, 
            "start_frame": 1277, 
            "desc": "simmer"
        }, 
        {
            "end_frame": 1675, 
            "start_frame": 1420, 
            "desc": "add tomato sauce to pasta"
        }
    ], 
    "FPS": 5.0
}