{
    "vid_id": "UbunZxDifYU", 
    "steps": [
        {
            "end_frame": 436, 
            "start_frame": 196, 
            "desc": "season the chicken"
        }, 
        {
            "end_frame": 689, 
            "start_frame": 544, 
            "desc": "add pepper salt curry powder and paprika"
        }, 
        {
            "end_frame": 828, 
            "start_frame": 711, 
            "desc": "add egg"
        }, 
        {
            "end_frame": 1109, 
            "start_frame": 845, 
            "desc": "coat the chicken"
        }, 
        {
            "end_frame": 1279, 
            "start_frame": 1125, 
            "desc": "put the chicken in a pan"
        }
    ], 
    "FPS": 5.0
}