{
    "vid_id": "uxEhH6MPH28", 
    "steps": [
        {
            "end_frame": 341, 
            "start_frame": 60, 
            "desc": "cut the chicken"
        }, 
        {
            "end_frame": 422, 
            "start_frame": 340, 
            "desc": "put chicken in a bowl"
        }, 
        {
            "end_frame": 480, 
            "start_frame": 423, 
            "desc": "pour milk"
        }, 
        {
            "end_frame": 560, 
            "start_frame": 488, 
            "desc": "add seasoning"
        }, 
        {
            "end_frame": 670, 
            "start_frame": 562, 
            "desc": "coat the chicken"
        }, 
        {
            "end_frame": 784, 
            "start_frame": 675, 
            "desc": "fry"
        }, 
        {
            "end_frame": 1030, 
            "start_frame": 990, 
            "desc": "serve"
        }
    ], 
    "FPS": 5.0
}