{
    "vid_id": "Vuy2nrJz0Zw", 
    "steps": [
        {
            "end_frame": 360, 
            "start_frame": 207, 
            "desc": "crack the eggs"
        }, 
        {
            "end_frame": 497, 
            "start_frame": 365, 
            "desc": "whisk the eggs"
        }, 
        {
            "end_frame": 863, 
            "start_frame": 725, 
            "desc": "add butter to the pan"
        }, 
        {
            "end_frame": 973, 
            "start_frame": 916, 
            "desc": "pour the eggs into the pan"
        }, 
        {
            "end_frame": 1629, 
            "start_frame": 1154, 
            "desc": "move egs around"
        }, 
        {
            "end_frame": 1985, 
            "start_frame": 1884, 
            "desc": "add salt and pepper"
        }
    ], 
    "FPS": 5.0
}