{
    "vid_id": "wiWB46xiIwU", 
    "steps": [
        {
            "end_frame": 255, 
            "start_frame": 151, 
            "desc": "beat eggs"
        }, 
        {
            "end_frame": 345, 
            "start_frame": 250, 
            "desc": "add butter"
        }, 
        {
            "end_frame": 431, 
            "start_frame": 342, 
            "desc": "add milk"
        }, 
        {
            "end_frame": 520, 
            "start_frame": 424, 
            "desc": "add salt"
        }, 
        {
            "end_frame": 633, 
            "start_frame": 526, 
            "desc": "add the flour"
        }, 
        {
            "end_frame": 695, 
            "start_frame": 634, 
            "desc": "heat a pan"
        }, 
        {
            "end_frame": 812, 
            "start_frame": 691, 
            "desc": "cook"
        }
    ], 
    "FPS": 5.0
}