{
    "vid_id": "XMX_DmycSY0", 
    "steps": [
        {
            "end_frame": 344, 
            "start_frame": 198, 
            "desc": "add the tomatoes into the blender"
        }, 
        {
            "end_frame": 463, 
            "start_frame": 350, 
            "desc": "add seasoning into the blender"
        }, 
        {
            "end_frame": 604, 
            "start_frame": 475, 
            "desc": "add vegetable broth into the blender"
        }, 
        {
            "end_frame": 902, 
            "start_frame": 604, 
            "desc": "boil"
        }, 
        {
            "end_frame": 1219, 
            "start_frame": 1053, 
            "desc": "serve"
        }
    ], 
    "FPS": 5.0
}