{
    "vid_id": "YwANFKK__kk", 
    "steps": [
        {
            "end_frame": "140", 
            "start_frame": "120", 
            "desc": "unscrew the cap"
        }, 
        {
            "end_frame": "180", 
            "start_frame": "150", 
            "desc": "bend the hanger"
        }, 
        {
            "end_frame": "240", 
            "start_frame": "185", 
            "desc": "fish-out hairs"
        }, 
        {
            "end_frame": "270", 
            "start_frame": "250", 
            "desc": "pour hot water"
        }, 
        {
            "end_frame": "385", 
            "start_frame": "370", 
            "desc": "unscrew"
        }, 
        {
            "end_frame": "420", 
            "start_frame": "395", 
            "desc": "push a towel"
        }, 
        {
            "end_frame": "435", 
            "start_frame": "425", 
            "desc": "put plunger"
        }, 
        {
            "end_frame": "465", 
            "start_frame": "450", 
            "desc": "pour hot water"
        }, 
        {
            "end_frame": "500", 
            "start_frame": "465", 
            "desc": "use the plunge"
        }, 
        {
            "end_frame": "650", 
            "start_frame": "600", 
            "desc": "use the plumber snake"
        }
    ], 
    "FPS": 5.0
}