{
    "vid_id": "Z1ajYx0UIxo", 
    "steps": [
        {
            "end_frame": 279, 
            "start_frame": 249, 
            "desc": "whisk"
        }, 
        {
            "end_frame": 314, 
            "start_frame": 314, 
            "desc": "add milk powder"
        }, 
        {
            "end_frame": 357, 
            "start_frame": 327, 
            "desc": "beat eggs"
        }, 
        {
            "end_frame": 400, 
            "start_frame": 367, 
            "desc": "add milk"
        }, 
        {
            "end_frame": 442, 
            "start_frame": 404, 
            "desc": "mix remaining ingredients"
        }, 
        {
            "end_frame": 476, 
            "start_frame": 457, 
            "desc": "add the egg white"
        }, 
        {
            "end_frame": 573, 
            "start_frame": 481, 
            "desc": "heat the pan"
        }, 
        {
            "end_frame": 677, 
            "start_frame": 581, 
            "desc": "test the temperature"
        }, 
        {
            "end_frame": 711, 
            "start_frame": 676, 
            "desc": "add blueberries"
        }, 
        {
            "end_frame": 774, 
            "start_frame": 717, 
            "desc": "pour batter"
        }, 
        {
            "end_frame": 886, 
            "start_frame": 773, 
            "desc": "serve"
        }
    ], 
    "FPS": 5.0
}