{
    "vid_id": "0zWG0gCPVhg", 
    "steps": [
        {
            "end_frame": "188", 
            "start_frame": "130", 
            "desc": "add mango"
        }, 
        {
            "end_frame": "241", 
            "start_frame": "190", 
            "desc": "add ice cream"
        }, 
        {
            "end_frame": "300", 
            "start_frame": "245", 
            "desc": "mix"
        }, 
        {
            "end_frame": "336", 
            "start_frame": "302", 
            "desc": "serve"
        }
    ], 
    "FPS": 5.0
}