{
    "vid_id": "25f3NzjZQic", 
    "steps": [
        {
            "end_frame": "365", 
            "start_frame": "89", 
            "desc": "cut open cocounat"
        }, 
        {
            "end_frame": "430", 
            "start_frame": "385", 
            "desc": "pour cocounat into mixer"
        }, 
        {
            "end_frame": "775", 
            "start_frame": "444", 
            "desc": "add flesh into mixer"
        }, 
        {
            "end_frame": "1000", 
            "start_frame": "800", 
            "desc": "add syrup"
        }, 
        {
            "end_frame": "1325", 
            "start_frame": "1200", 
            "desc": "mix"
        }, 
        {
            "end_frame": "1410", 
            "start_frame": "1380", 
            "desc": "pour into glass"
        }
    ], 
    "FPS": 5.0
}