{
    "vid_id": "2zCltKMSACE.mkv", 
    "steps": [
        {
            "end_frame": 385, 
            "start_frame": 358, 
            "desc": "chop parsley"
        }, 
        {
            "end_frame": 489, 
            "start_frame": 401, 
            "desc": "beat eggs"
        }, 
        {
            "end_frame": 543, 
            "start_frame": 500, 
            "desc": "mix it together"
        }, 
        {
            "end_frame": 595, 
            "start_frame": 551, 
            "desc": "heat up pan"
        }, 
        {
            "end_frame": 682, 
            "start_frame": 617, 
            "desc": "add some tomatos"
        }, 
        {
            "end_frame": 699, 
            "start_frame": 683, 
            "desc": "cook"
        }, 
        {
            "end_frame": 748, 
            "start_frame": 714, 
            "desc": "add meat balls"
        }, 
        {
            "end_frame": 809, 
            "start_frame": 798, 
            "desc": "cook spaghetti"
        }, 
        {
            "end_frame": 858, 
            "start_frame": 828, 
            "desc": "serve"
        }
    ], 
    "FPS": 5.0
}