{
    "vid_id": "4e4T8xaQsw0.mkv", 
    "steps": [
        {
            "end_frame": 1036, 
            "start_frame": 1006, 
            "desc": "chop onion"
        }, 
        {
            "end_frame": 1105, 
            "start_frame": 1063, 
            "desc": "slice a bread"
        }, 
        {
            "end_frame": 1195, 
            "start_frame": 1159, 
            "desc": "chop basil and a parsley"
        }, 
        {
            "end_frame": 1251, 
            "start_frame": 1229, 
            "desc": "beat egg"
        }, 
        {
            "end_frame": 1301, 
            "start_frame": 1245, 
            "desc": "mix"
        }, 
        {
            "end_frame": 1320, 
            "start_frame": 1311, 
            "desc": "add garlic and spices"
        }, 
        {
            "end_frame": 1342, 
            "start_frame": 1332, 
            "desc": "add parmesan cheese"
        }, 
        {
            "end_frame": 1480, 
            "start_frame": 1449, 
            "desc": "shape the meat"
        }, 
        {
            "end_frame": 1531, 
            "start_frame": 1511, 
            "desc": "slice garlic"
        }, 
        {
            "end_frame": 1675, 
            "start_frame": 1627, 
            "desc": "fry"
        }, 
        {
            "end_frame": 1728, 
            "start_frame": 1705, 
            "desc": "cook meatballs"
        }, 
        {
            "end_frame": 2028, 
            "start_frame": 1985, 
            "desc": "boil pasta"
        }, 
        {
            "end_frame": 2085, 
            "start_frame": 2061, 
            "desc": "serve"
        }
    ], 
    "FPS": 5.0
}