{
    "vid_id": "65ifzkFi614", 
    "steps": [
        {
            "end_frame": "155", 
            "start_frame": "96", 
            "desc": "crack the eggs"
        }, 
        {
            "end_frame": "283", 
            "start_frame": "166", 
            "desc": "mix the eggs"
        }, 
        {
            "end_frame": "435", 
            "start_frame": "360", 
            "desc": "butter the pan"
        }, 
        {
            "end_frame": "460", 
            "start_frame": "440", 
            "desc": "add eggs"
        }, 
        {
            "end_frame": "547", 
            "start_frame": "470", 
            "desc": "scramble"
        }, 
        {
            "end_frame": "589", 
            "start_frame": "560", 
            "desc": "put into plate"
        }, 
        {
            "end_frame": "614", 
            "start_frame": "603", 
            "desc": "serve"
        }
    ], 
    "FPS": 5.0
}