{
    "vid_id": "77mTZjLhy0o", 
    "steps": [
        {
            "end_frame": "180", 
            "start_frame": "153", 
            "desc": "add salt"
        }, 
        {
            "end_frame": "250", 
            "start_frame": "222", 
            "desc": "add cornstarch"
        }, 
        {
            "end_frame": "518", 
            "start_frame": "441", 
            "desc": "cut chillies"
        }, 
        {
            "end_frame": "818", 
            "start_frame": "559", 
            "desc": "cook in a pan"
        }, 
        {
            "end_frame": "835", 
            "start_frame": "820", 
            "desc": "put chillies"
        }, 
        {
            "end_frame": "850", 
            "start_frame": "838", 
            "desc": "add garlic and chillies"
        }, 
        {
            "end_frame": "892", 
            "start_frame": "851", 
            "desc": "cook"
        }, 
        {
            "end_frame": "926", 
            "start_frame": "893", 
            "desc": "add onions"
        }, 
        {
            "end_frame": "954", 
            "start_frame": "928", 
            "desc": "cook"
        }, 
        {
            "end_frame": "1000", 
            "start_frame": "953", 
            "desc": "add bell pepper "
        }, 
        {
            "end_frame": "1400", 
            "start_frame": "1002", 
            "desc": "cook"
        }
    ], 
    "FPS": 5.0
}