{
    "vid_id": "7ebZWviUfUA", 
    "steps": [
        {
            "end_frame": 156, 
            "start_frame": 76, 
            "desc": "mix the ingredients"
        }, 
        {
            "end_frame": 165, 
            "start_frame": 152, 
            "desc": "stir the ingredients"
        }, 
        {
            "end_frame": 179, 
            "start_frame": 162, 
            "desc": "melt butter in oven"
        }, 
        {
            "end_frame": 235, 
            "start_frame": 177, 
            "desc": "heat up milk"
        }, 
        {
            "end_frame": 315, 
            "start_frame": 234, 
            "desc": "add butter and milk to ingredients"
        }, 
        {
            "end_frame": 375, 
            "start_frame": 313, 
            "desc": "add flour"
        }, 
        {
            "end_frame": 406, 
            "start_frame": 377, 
            "desc": "heat the pan"
        }, 
        {
            "end_frame": 435, 
            "start_frame": 414, 
            "desc": "pour batter"
        }, 
        {
            "end_frame": 486, 
            "start_frame": 440, 
            "desc": "cook"
        }
    ], 
    "FPS": 5.0
}