{
    "vid_id": "7gJhumtqrZA", 
    "steps": [
        {
            "end_frame": "108", 
            "start_frame": "91", 
            "desc": "add garlic"
        }, 
        {
            "end_frame": "115", 
            "start_frame": "109", 
            "desc": "add parsley"
        }, 
        {
            "end_frame": "134", 
            "start_frame": "116", 
            "desc": "add souce"
        }, 
        {
            "end_frame": "153", 
            "start_frame": "145", 
            "desc": "whisk"
        }, 
        {
            "end_frame": "162", 
            "start_frame": "155", 
            "desc": "wash the chicken"
        }, 
        {
            "end_frame": "188", 
            "start_frame": "165", 
            "desc": "marinate"
        }, 
        {
            "end_frame": "262", 
            "start_frame": "227", 
            "desc": "put into pan"
        }, 
        {
            "end_frame": "265", 
            "start_frame": "263", 
            "desc": "flip"
        }, 
        {
            "end_frame": "319", 
            "start_frame": "272", 
            "desc": "bake"
        }
    ], 
    "FPS": 5.0
}