{
    "vid_id": "7wa0ahaM8f0", 
    "steps": [
        {
            "end_frame": "131", 
            "start_frame": "67", 
            "desc": "pour milk"
        }, 
        {
            "end_frame": "190", 
            "start_frame": "139", 
            "desc": "add ice cream"
        }, 
        {
            "end_frame": "228", 
            "start_frame": "191", 
            "desc": "mix"
        }, 
        {
            "end_frame": "275", 
            "start_frame": "236", 
            "desc": "serve"
        }, 
        {
            "end_frame": "315", 
            "start_frame": "306", 
            "desc": "eat"
        }
    ], 
    "FPS": 5.0
}