{
    "vid_id": "8d1fxbyxE9c", 
    "steps": [
        {
            "end_frame": "464", 
            "start_frame": "390", 
            "desc": "put chickens on pan"
        }, 
        {
            "end_frame": "690", 
            "start_frame": "650", 
            "desc": "put chicken into plate"
        }, 
        {
            "end_frame": "813", 
            "start_frame": "780", 
            "desc": "put plate into microwave"
        }, 
        {
            "end_frame": "888", 
            "start_frame": "820", 
            "desc": "cook"
        }, 
        {
            "end_frame": "940", 
            "start_frame": "890", 
            "desc": "pour chicken soup"
        }, 
        {
            "end_frame": "1020", 
            "start_frame": "950", 
            "desc": "cook"
        }, 
        {
            "end_frame": "1080", 
            "start_frame": "1032", 
            "desc": "pour maple syrup"
        }, 
        {
            "end_frame": "1290", 
            "start_frame": "1090", 
            "desc": "cook"
        }, 
        {
            "end_frame": "1360", 
            "start_frame": "1300", 
            "desc": "put on plate"
        }, 
        {
            "end_frame": "1430", 
            "start_frame": "1370", 
            "desc": "add spice"
        }
    ], 
    "FPS": 5.0
}