{
    "vid_id": "8HG_raAiRVs", 
    "steps": [
        {
            "end_frame": "134", 
            "start_frame": "110", 
            "desc": "cut"
        }, 
        {
            "end_frame": "305", 
            "start_frame": "256", 
            "desc": "wripp off clean wrap"
        }, 
        {
            "end_frame": "505", 
            "start_frame": "468", 
            "desc": "wrap the chicken with clean wrap"
        }, 
        {
            "end_frame": "583", 
            "start_frame": "522", 
            "desc": "beat the chicken"
        }, 
        {
            "end_frame": "712", 
            "start_frame": "667", 
            "desc": "add greens"
        }, 
        {
            "end_frame": "857", 
            "start_frame": "741", 
            "desc": "add cheese"
        }, 
        {
            "end_frame": "1150", 
            "start_frame": "1009", 
            "desc": "add ham"
        }, 
        {
            "end_frame": "1250", 
            "start_frame": "1233", 
            "desc": "add oil"
        }, 
        {
            "end_frame": "1278", 
            "start_frame": "1265", 
            "desc": "put chicken in pan"
        }, 
        {
            "end_frame": "1670", 
            "start_frame": "1560", 
            "desc": "flip"
        }, 
        {
            "end_frame": "1825", 
            "start_frame": "1774", 
            "desc": "mix salad"
        }, 
        {
            "end_frame": "1944", 
            "start_frame": "1936", 
            "desc": "cut chicken"
        }, 
        {
            "end_frame": "2200", 
            "start_frame": "2182", 
            "desc": "serve"
        }
    ], 
    "FPS": 5.0
}