{
    "vid_id": "8Invxjkna5o", 
    "steps": [
        {
            "end_frame": "200", 
            "start_frame": "120", 
            "desc": "pull out hair"
        }, 
        {
            "end_frame": "300", 
            "start_frame": "225", 
            "desc": "pour baking soda"
        }, 
        {
            "end_frame": "400", 
            "start_frame": "320", 
            "desc": "pour vinegar"
        }, 
        {
            "end_frame": "450", 
            "start_frame": "405", 
            "desc": "boil water"
        }, 
        {
            "end_frame": "490", 
            "start_frame": "460", 
            "desc": "pour hot water"
        }, 
        {
            "end_frame": "600", 
            "start_frame": "490", 
            "desc": "pour cold water"
        }
    ], 
    "FPS": 5.0
}