{
    "vid_id": "9BMhFmNzw-o", 
    "steps": [
        {
            "end_frame": "225", 
            "start_frame": "175", 
            "desc": "wrap left around right"
        }, 
        {
            "end_frame": "310", 
            "start_frame": "265", 
            "desc": "thread it"
        }, 
        {
            "end_frame": "385", 
            "start_frame": "355", 
            "desc": "thread it"
        }, 
        {
            "end_frame": "525", 
            "start_frame": "400", 
            "desc": "adjust"
        }
    ], 
    "FPS": 5.0
}