{
    "vid_id": "__ffoprGW3o", 
    "steps": [
        {
            "end_frame": "170", 
            "start_frame": "160", 
            "desc": "add oil to chicken"
        }, 
        {
            "end_frame": "340", 
            "start_frame": "190", 
            "desc": "add greens"
        }, 
        {
            "end_frame": "385", 
            "start_frame": "343", 
            "desc": "add water"
        }, 
        {
            "end_frame": "578", 
            "start_frame": "475", 
            "desc": "cut chicken"
        }
    ], 
    "FPS": 5.0
}