{
    "vid_id": "AJ2uBYCVHik", 
    "steps": [
        {
            "end_frame": "96", 
            "start_frame": "4", 
            "desc": "crack the eggs"
        }, 
        {
            "end_frame": "232", 
            "start_frame": "131", 
            "desc": "scramble the eggs"
        }, 
        {
            "end_frame": "431", 
            "start_frame": "283", 
            "desc": "add oil"
        }, 
        {
            "end_frame": "451", 
            "start_frame": "433", 
            "desc": "pour into pan"
        }, 
        {
            "end_frame": "648", 
            "start_frame": "491", 
            "desc": "move the egg around"
        }, 
        {
            "end_frame": "780", 
            "start_frame": "679", 
            "desc": "put into plate"
        }, 
        {
            "end_frame": "854", 
            "start_frame": "800", 
            "desc": "add garnishing"
        }
    ], 
    "FPS": 5.0
}