{
    "vid_id": "aJZBL8dkXXQ", 
    "steps": [
        {
            "end_frame": "307", 
            "start_frame": "261", 
            "desc": "add oreo"
        }, 
        {
            "end_frame": "445", 
            "start_frame": "387", 
            "desc": "pour milk"
        }, 
        {
            "end_frame": "490", 
            "start_frame": "460", 
            "desc": "mix with mixer"
        }, 
        {
            "end_frame": "652", 
            "start_frame": "590", 
            "desc": "pour into cup"
        }, 
        {
            "end_frame": "755", 
            "start_frame": "683", 
            "desc": "make whipped cream"
        }, 
        {
            "end_frame": "866", 
            "start_frame": "800", 
            "desc": "add whipped cream"
        }
    ], 
    "FPS": 5.0
}