{
    "vid_id": "aLD26tEm_fU", 
    "steps": [
        {
            "end_frame": "425", 
            "start_frame": "369", 
            "desc": "add rice"
        }, 
        {
            "end_frame": "486", 
            "start_frame": "426", 
            "desc": "add soy souce"
        }, 
        {
            "end_frame": "586", 
            "start_frame": "486", 
            "desc": "marinate"
        }, 
        {
            "end_frame": "800", 
            "start_frame": "770", 
            "desc": "put into pan"
        }, 
        {
            "end_frame": "838", 
            "start_frame": "821", 
            "desc": "add souce"
        }, 
        {
            "end_frame": "876", 
            "start_frame": "860", 
            "desc": "flip"
        }, 
        {
            "end_frame": "967", 
            "start_frame": "949", 
            "desc": "flip"
        }, 
        {
            "end_frame": "994", 
            "start_frame": "986", 
            "desc": "flip"
        }, 
        {
            "end_frame": "1083", 
            "start_frame": "1018", 
            "desc": "flip"
        }, 
        {
            "end_frame": "1172", 
            "start_frame": "1134", 
            "desc": "add souce"
        }, 
        {
            "end_frame": "1278", 
            "start_frame": "1176", 
            "desc": "flip"
        }, 
        {
            "end_frame": "1553", 
            "start_frame": "1298", 
            "desc": "serve"
        }
    ], 
    "FPS": 5.0
}