{
    "vid_id": "Be0koDmxrtQ", 
    "steps": [
        {
            "end_frame": "419", 
            "start_frame": "80", 
            "desc": "mix eggs"
        }, 
        {
            "end_frame": "512", 
            "start_frame": "450", 
            "desc": "add oil"
        }, 
        {
            "end_frame": "696", 
            "start_frame": "590", 
            "desc": "add eggs"
        }, 
        {
            "end_frame": "1185", 
            "start_frame": "826", 
            "desc": "scramble the mix"
        }, 
        {
            "end_frame": "1258", 
            "start_frame": "1189", 
            "desc": "put into plates"
        }
    ], 
    "FPS": 5.0
}