{
    "vid_id": "bmZB3aszZlA", 
    "steps": [
        {
            "end_frame": 167, 
            "start_frame": 117, 
            "desc": "cook onions"
        }, 
        {
            "end_frame": 410, 
            "start_frame": 190, 
            "desc": "add tomatoe paste"
        }, 
        {
            "end_frame": 483, 
            "start_frame": 412, 
            "desc": "add sugar salt and black pepper"
        }, 
        {
            "end_frame": 701, 
            "start_frame": 574, 
            "desc": "mix"
        }, 
        {
            "end_frame": 899, 
            "start_frame": 706, 
            "desc": "add milk and black pepper"
        }, 
        {
            "end_frame": 1141, 
            "start_frame": 982, 
            "desc": "shape the meat"
        }, 
        {
            "end_frame": 1415, 
            "start_frame": 1174, 
            "desc": "coat the meat with sauce"
        }
    ], 
    "FPS": 5.0
}