{
    "vid_id": "bqmkNRNd5yw", 
    "steps": [
        {
            "end_frame": 536, 
            "start_frame": 348, 
            "desc": "slice the chicken"
        }, 
        {
            "end_frame": 711, 
            "start_frame": 574, 
            "desc": "beat eggs"
        }, 
        {
            "end_frame": 880, 
            "start_frame": 767, 
            "desc": "mix"
        }, 
        {
            "end_frame": 1275, 
            "start_frame": 975, 
            "desc": "dip the chicken"
        }, 
        {
            "end_frame": 1347, 
            "start_frame": 1311, 
            "desc": "preheat an oven"
        }, 
        {
            "end_frame": 1845, 
            "start_frame": 1394, 
            "desc": "fry the chicken"
        }, 
        {
            "end_frame": 2548, 
            "start_frame": 2077, 
            "desc": " cook it in the oven"
        }
    ], 
    "FPS": 5.0
}