{
    "vid_id": "cmgbSBi7VWQ", 
    "steps": [
        {
            "end_frame": "260", 
            "start_frame": "230", 
            "desc": "add chocalate souce"
        }, 
        {
            "end_frame": "306", 
            "start_frame": "270", 
            "desc": "put oreos in ziplock"
        }, 
        {
            "end_frame": "385", 
            "start_frame": "315", 
            "desc": "hammer it"
        }, 
        {
            "end_frame": "442", 
            "start_frame": "410", 
            "desc": "put oreos to mixer"
        }, 
        {
            "end_frame": "509", 
            "start_frame": "450", 
            "desc": "pour milk into mixer"
        }, 
        {
            "end_frame": "670", 
            "start_frame": "510", 
            "desc": "add ice cream into mixer"
        }, 
        {
            "end_frame": "765", 
            "start_frame": "685", 
            "desc": "mix them up"
        }, 
        {
            "end_frame": "835", 
            "start_frame": "800", 
            "desc": "pour milk shake"
        }, 
        {
            "end_frame": "950", 
            "start_frame": "840", 
            "desc": "add whipped cream"
        }
    ], 
    "FPS": 5.0
}