{
    "vid_id": "cXxoqnwLV7U", 
    "steps": [
        {
            "end_frame": "161", 
            "start_frame": "88", 
            "desc": "pour juice"
        }, 
        {
            "end_frame": "180", 
            "start_frame": "162", 
            "desc": "pour jello"
        }, 
        {
            "end_frame": "199", 
            "start_frame": "181", 
            "desc": "turn stove on"
        }, 
        {
            "end_frame": "237", 
            "start_frame": "200", 
            "desc": "cut lemons"
        }, 
        {
            "end_frame": "262", 
            "start_frame": "239", 
            "desc": "carve"
        }, 
        {
            "end_frame": "305", 
            "start_frame": "265", 
            "desc": "boiling pour"
        }, 
        {
            "end_frame": "360", 
            "start_frame": "306", 
            "desc": "pour alcohol"
        }, 
        {
            "end_frame": "409", 
            "start_frame": "382", 
            "desc": "add food coloring"
        }, 
        {
            "end_frame": "432", 
            "start_frame": "411", 
            "desc": "mix"
        }, 
        {
            "end_frame": "452", 
            "start_frame": "437", 
            "desc": "put lemons on tray"
        }, 
        {
            "end_frame": "473", 
            "start_frame": "453", 
            "desc": "pour into cups"
        }, 
        {
            "end_frame": "633", 
            "start_frame": "507", 
            "desc": "cut lemons"
        }, 
        {
            "end_frame": "651", 
            "start_frame": "643", 
            "desc": "serve"
        }
    ], 
    "FPS": 5.0
}