{
    "vid_id": "danq5zt1zlQ", 
    "steps": [
        {
            "end_frame": 136, 
            "start_frame": 114, 
            "desc": "prepare ice water"
        }, 
        {
            "end_frame": 305, 
            "start_frame": 194, 
            "desc": "boil tomatoes"
        }, 
        {
            "end_frame": 541, 
            "start_frame": 339, 
            "desc": "put tomatoes in ice water"
        }, 
        {
            "end_frame": 720, 
            "start_frame": 587, 
            "desc": "cut tomatoes"
        }, 
        {
            "end_frame": 827, 
            "start_frame": 726, 
            "desc": "put the tomatoes into pot"
        }, 
        {
            "end_frame": 1062, 
            "start_frame": 880, 
            "desc": "heat the mix"
        }, 
        {
            "end_frame": 1197, 
            "start_frame": 1092, 
            "desc": "add butter and cream"
        }, 
        {
            "end_frame": 1298, 
            "start_frame": 1212, 
            "desc": "stir"
        }
    ], 
    "FPS": 5.0
}