{
    "vid_id": "Db6SYxAfmPM", 
    "steps": [
        {
            "end_frame": 199, 
            "start_frame": 139, 
            "desc": "put the mixture on a pan"
        }, 
        {
            "end_frame": 358, 
            "start_frame": 194, 
            "desc": "add berries"
        }, 
        {
            "end_frame": 536, 
            "start_frame": 534, 
            "desc": "flip the pancake"
        }, 
        {
            "end_frame": 689, 
            "start_frame": 530, 
            "desc": "take it out"
        }, 
        {
            "end_frame": 752, 
            "start_frame": 714, 
            "desc": "serve"
        }
    ], 
    "FPS": 5.0
}