{
    "vid_id": "eAOjXVrwPbM", 
    "steps": [
        {
            "end_frame": "103", 
            "start_frame": "97", 
            "desc": "flip steals"
        }, 
        {
            "end_frame": "170", 
            "start_frame": "139", 
            "desc": "add water"
        }, 
        {
            "end_frame": "240", 
            "start_frame": "222", 
            "desc": "put steaks in pan"
        }, 
        {
            "end_frame": "794", 
            "start_frame": "700", 
            "desc": "cut the steak"
        }, 
        {
            "end_frame": "821", 
            "start_frame": "814", 
            "desc": "serve"
        }
    ], 
    "FPS": 5.0
}