{
    "vid_id": "FbLU87PYsZE", 
    "steps": [
        {
            "end_frame": "118", 
            "start_frame": "105", 
            "desc": "add butter"
        }, 
        {
            "end_frame": "218", 
            "start_frame": "182", 
            "desc": "crack eggs"
        }, 
        {
            "end_frame": "270", 
            "start_frame": "219", 
            "desc": "add salt"
        }, 
        {
            "end_frame": "434", 
            "start_frame": "363", 
            "desc": "mix"
        }, 
        {
            "end_frame": "490", 
            "start_frame": "471", 
            "desc": "add eggs"
        }, 
        {
            "end_frame": "639", 
            "start_frame": "505", 
            "desc": "scramble"
        }, 
        {
            "end_frame": "670", 
            "start_frame": "656", 
            "desc": "add cream fraiche"
        }, 
        {
            "end_frame": "847", 
            "start_frame": "793", 
            "desc": "put into plate"
        }
    ], 
    "FPS": 5.0
}