{
    "vid_id": "FeUEV0a6I5I", 
    "steps": [
        {
            "end_frame": 295, 
            "start_frame": 219, 
            "desc": "add tomatoespan"
        }, 
        {
            "end_frame": 379, 
            "start_frame": 307, 
            "desc": "mix"
        }, 
        {
            "end_frame": 438, 
            "start_frame": 393, 
            "desc": "cook"
        }, 
        {
            "end_frame": 522, 
            "start_frame": 445, 
            "desc": "cool the mixture"
        }, 
        {
            "end_frame": 766, 
            "start_frame": 545, 
            "desc": "mix"
        }, 
        {
            "end_frame": 935, 
            "start_frame": 825, 
            "desc": "add flour to pan"
        }, 
        {
            "end_frame": 1154, 
            "start_frame": 1000, 
            "desc": "add tomatoe"
        }, 
        {
            "end_frame": 1366, 
            "start_frame": 1177, 
            "desc": "add sugar salt pepper powder"
        }, 
        {
            "end_frame": 1466, 
            "start_frame": 1365, 
            "desc": "mix and cook"
        }, 
        {
            "end_frame": 1656, 
            "start_frame": 1526, 
            "desc": "add cream"
        }
    ], 
    "FPS": 5.0
}