{
    "vid_id": "fq37BTAjPHk", 
    "steps": [
        {
            "end_frame": 974, 
            "start_frame": 650, 
            "desc": "refrigerate chicken"
        }, 
        {
            "end_frame": 1388, 
            "start_frame": 1050, 
            "desc": "mix flour and seasoning"
        }, 
        {
            "end_frame": 1730, 
            "start_frame": 1553, 
            "desc": "coat the chicken"
        }, 
        {
            "end_frame": 2087, 
            "start_frame": 1736, 
            "desc": "fry the chicken"
        }, 
        {
            "end_frame": 2385, 
            "start_frame": 2173, 
            "desc": "cook in the oven"
        }
    ], 
    "FPS": 5.0
}