{
    "vid_id": "FXLr56-rD68", 
    "steps": [
        {
            "end_frame": "329", 
            "start_frame": "276", 
            "desc": "chop"
        }, 
        {
            "end_frame": "577", 
            "start_frame": "523", 
            "desc": "add salt"
        }, 
        {
            "end_frame": "609", 
            "start_frame": "595", 
            "desc": "add oil"
        }, 
        {
            "end_frame": "685", 
            "start_frame": "610", 
            "desc": "marinate"
        }, 
        {
            "end_frame": "892", 
            "start_frame": "805", 
            "desc": "add butter"
        }, 
        {
            "end_frame": "1140", 
            "start_frame": "893", 
            "desc": "put into pan"
        }, 
        {
            "end_frame": "1216", 
            "start_frame": "1166", 
            "desc": "flip"
        }, 
        {
            "end_frame": "1233", 
            "start_frame": "1225", 
            "desc": "bake"
        }, 
        {
            "end_frame": "1479", 
            "start_frame": "1415", 
            "desc": "measure temp"
        }, 
        {
            "end_frame": "1807", 
            "start_frame": "1672", 
            "desc": "cut lemon"
        }, 
        {
            "end_frame": "1931", 
            "start_frame": "1850", 
            "desc": "add parsley"
        }, 
        {
            "end_frame": "2031", 
            "start_frame": "2011", 
            "desc": "serve"
        }
    ], 
    "FPS": 5.0
}