{
    "vid_id": "G_oxCFd1krc", 
    "steps": [
        {
            "end_frame": 192, 
            "start_frame": 121, 
            "desc": "chop tomatoes"
        }, 
        {
            "end_frame": 337, 
            "start_frame": 223, 
            "desc": "chop onions"
        }, 
        {
            "end_frame": 407, 
            "start_frame": 349, 
            "desc": "smash garlic"
        }, 
        {
            "end_frame": 563, 
            "start_frame": 494, 
            "desc": "spread olive oil"
        }, 
        {
            "end_frame": 615, 
            "start_frame": 554, 
            "desc": "roast"
        }, 
        {
            "end_frame": 762, 
            "start_frame": 665, 
            "desc": "put into pot"
        }, 
        {
            "end_frame": 791, 
            "start_frame": 760, 
            "desc": "add chicken broth"
        }, 
        {
            "end_frame": 817, 
            "start_frame": 798, 
            "desc": "heat"
        }, 
        {
            "end_frame": 993, 
            "start_frame": 810, 
            "desc": "simmer"
        }, 
        {
            "end_frame": 1101, 
            "start_frame": 1032, 
            "desc": "add salt and pepper"
        }, 
        {
            "end_frame": 1285, 
            "start_frame": 1169, 
            "desc": "take out the soup"
        }
    ], 
    "FPS": 5.0
}