{
    "vid_id": "GgM8IIglBLw", 
    "steps": [
        {
            "end_frame": 350, 
            "start_frame": 197, 
            "desc": "cook onions"
        }, 
        {
            "end_frame": 440, 
            "start_frame": 366, 
            "desc": "add tomatoes"
        }, 
        {
            "end_frame": 515, 
            "start_frame": 460, 
            "desc": "add salt and pepper"
        }, 
        {
            "end_frame": 650, 
            "start_frame": 566, 
            "desc": "cook"
        }, 
        {
            "end_frame": 721, 
            "start_frame": 654, 
            "desc": "add chicken"
        }, 
        {
            "end_frame": 851, 
            "start_frame": 766, 
            "desc": "add potatoes"
        }, 
        {
            "end_frame": 962, 
            "start_frame": 897, 
            "desc": "cook"
        }, 
        {
            "end_frame": 1259, 
            "start_frame": 1011, 
            "desc": "add basil"
        }, 
        {
            "end_frame": 1286, 
            "start_frame": 1256, 
            "desc": "serve"
        }
    ], 
    "FPS": 5.0
}