{
    "vid_id": "hEm2oWVXj3g", 
    "steps": [
        {
            "end_frame": 175, 
            "start_frame": 150, 
            "desc": "add blueberries"
        }, 
        {
            "end_frame": 200, 
            "start_frame": 175, 
            "desc": "add raspberries"
        }, 
        {
            "end_frame": 235, 
            "start_frame": 220, 
            "desc": "add blackberries"
        }, 
        {
            "end_frame": 265, 
            "start_frame": 235, 
            "desc": "add orange"
        }, 
        {
            "end_frame": 285, 
            "start_frame": 265, 
            "desc": "add ice"
        }, 
        {
            "end_frame": 405, 
            "start_frame": 365, 
            "desc": "use blender"
        }, 
        {
            "end_frame": 455, 
            "start_frame": 435, 
            "desc": "pour"
        }, 
        {
            "end_frame": 480, 
            "start_frame": 460, 
            "desc": "drink"
        }
    ], 
    "FPS": 5.0
}