{
    "vid_id": "HEQqdbXagok", 
    "steps": [
        {
            "end_frame": 109, 
            "start_frame": 80, 
            "desc": "cut the chicken"
        }, 
        {
            "end_frame": 187, 
            "start_frame": 107, 
            "desc": "season the chicken"
        }, 
        {
            "end_frame": 456, 
            "start_frame": 184, 
            "desc": "add yogurt and milk"
        }, 
        {
            "end_frame": 770, 
            "start_frame": 564, 
            "desc": "mix"
        }, 
        {
            "end_frame": 991, 
            "start_frame": 773, 
            "desc": "coat the chicken"
        }, 
        {
            "end_frame": 1067, 
            "start_frame": 1002, 
            "desc": "place the chicken in the pot"
        }
    ], 
    "FPS": 5.0
}