{
    "vid_id": "hgTqSOxvMmo", 
    "steps": [
        {
            "end_frame": "152", 
            "start_frame": "120", 
            "desc": "chop garlic"
        }, 
        {
            "end_frame": "211", 
            "start_frame": "184", 
            "desc": "use blender"
        }, 
        {
            "end_frame": "385", 
            "start_frame": "359", 
            "desc": "get out of over"
        }, 
        {
            "end_frame": "452", 
            "start_frame": "432", 
            "desc": "cut steak"
        }
    ], 
    "FPS": 5.0
}