{
    "vid_id": "i_wZnw6f5Fw", 
    "steps": [
        {
            "end_frame": 683, 
            "start_frame": 659, 
            "desc": "heat the pan"
        }, 
        {
            "end_frame": 920, 
            "start_frame": 699, 
            "desc": "fry"
        }, 
        {
            "end_frame": 1117, 
            "start_frame": 939, 
            "desc": "add the tomatoes"
        }, 
        {
            "end_frame": 1351, 
            "start_frame": 1185, 
            "desc": "pure in blender"
        }, 
        {
            "end_frame": 1453, 
            "start_frame": 1435, 
            "desc": "heat the oil"
        }, 
        {
            "end_frame": 1574, 
            "start_frame": 1496, 
            "desc": "stir"
        }, 
        {
            "end_frame": 1698, 
            "start_frame": 1592, 
            "desc": "add the tomato pure"
        }, 
        {
            "end_frame": 1816, 
            "start_frame": 1729, 
            "desc": "simmer"
        }
    ], 
    "FPS": 5.0
}