{
    "vid_id": "IdEZ7LvLZPE", 
    "steps": [
        {
            "end_frame": 337, 
            "start_frame": 334, 
            "desc": "crack the eggs"
        }, 
        {
            "end_frame": 405, 
            "start_frame": 356, 
            "desc": "mix"
        }, 
        {
            "end_frame": 494, 
            "start_frame": 475, 
            "desc": "heat the butter"
        }, 
        {
            "end_frame": 667, 
            "start_frame": 507, 
            "desc": "pour the egg"
        }, 
        {
            "end_frame": 760, 
            "start_frame": 705, 
            "desc": "put into plate"
        }
    ], 
    "FPS": 5.0
}