{
    "vid_id": "ivJXrsMG6NY", 
    "steps": [
        {
            "end_frame": "300", 
            "start_frame": "225", 
            "desc": "fill water"
        }, 
        {
            "end_frame": "355", 
            "start_frame": "325", 
            "desc": "fill vinegar"
        }, 
        {
            "end_frame": "550", 
            "start_frame": "390", 
            "desc": "run the machine"
        }, 
        {
            "end_frame": "550", 
            "start_frame": "390", 
            "desc": "run"
        }, 
        {
            "end_frame": "750", 
            "start_frame": "625", 
            "desc": "pour it back"
        }, 
        {
            "end_frame": "750", 
            "start_frame": "625", 
            "desc": "pour it back"
        }, 
        {
            "end_frame": "865", 
            "start_frame": "770", 
            "desc": "run"
        }, 
        {
            "end_frame": "865", 
            "start_frame": "770", 
            "desc": "run"
        }, 
        {
            "end_frame": "1200", 
            "start_frame": "890", 
            "desc": "rinse"
        }
    ], 
    "FPS": 5.0
}