{
    "vid_id": "j3hqxRuGTns", 
    "steps": [
        {
            "end_frame": "274", 
            "start_frame": "208", 
            "desc": "cut chickens"
        }, 
        {
            "end_frame": "481", 
            "start_frame": "433", 
            "desc": "put chicken in ziploc"
        }, 
        {
            "end_frame": "506", 
            "start_frame": "490", 
            "desc": "beat"
        }, 
        {
            "end_frame": "705", 
            "start_frame": "515", 
            "desc": "add salt"
        }, 
        {
            "end_frame": "793", 
            "start_frame": "731", 
            "desc": "add cheese"
        }, 
        {
            "end_frame": "925", 
            "start_frame": "794", 
            "desc": "add greens"
        }, 
        {
            "end_frame": "977", 
            "start_frame": "928", 
            "desc": "wrap chickens"
        }, 
        {
            "end_frame": "1206", 
            "start_frame": "1023", 
            "desc": "peel lemons"
        }, 
        {
            "end_frame": "1427", 
            "start_frame": "1285", 
            "desc": "marinate"
        }, 
        {
            "end_frame": "1508", 
            "start_frame": "1428", 
            "desc": "add oil"
        }, 
        {
            "end_frame": "1756", 
            "start_frame": "1680", 
            "desc": "bake"
        }, 
        {
            "end_frame": "1859", 
            "start_frame": "1790", 
            "desc": "serve"
        }, 
        {
            "end_frame": "2050", 
            "start_frame": "1890", 
            "desc": "eat"
        }
    ], 
    "FPS": 5.0
}