{
    "vid_id": "j70yTq2ysLQ", 
    "steps": [
        {
            "end_frame": "268", 
            "start_frame": "228", 
            "desc": "mix all together"
        }, 
        {
            "end_frame": "282", 
            "start_frame": "269", 
            "desc": "add condensed milk"
        }, 
        {
            "end_frame": "330", 
            "start_frame": "303", 
            "desc": "mix"
        }, 
        {
            "end_frame": "457", 
            "start_frame": "421", 
            "desc": "add ice cream"
        }, 
        {
            "end_frame": "526", 
            "start_frame": "474", 
            "desc": "add souce"
        }, 
        {
            "end_frame": "563", 
            "start_frame": "544", 
            "desc": "pack into container"
        }
    ], 
    "FPS": 5.0
}