{
    "vid_id": "jbjg6w5taGU", 
    "steps": [
        {
            "end_frame": 141, 
            "start_frame": 66, 
            "desc": "season the chicken with pepper and salt"
        }, 
        {
            "end_frame": 276, 
            "start_frame": 198, 
            "desc": "pour buttermilk and hot sauce on the chicken"
        }, 
        {
            "end_frame": 455, 
            "start_frame": 315, 
            "desc": "mix flour salt pepper and garlic powder"
        }, 
        {
            "end_frame": 631, 
            "start_frame": 450, 
            "desc": "coat the chicken with the flour mixture"
        }, 
        {
            "end_frame": 764, 
            "start_frame": 679, 
            "desc": "add oil to a wok"
        }, 
        {
            "end_frame": 970, 
            "start_frame": 882, 
            "desc": "drop the chicken into the oil"
        }
    ], 
    "FPS": 5.0
}