{
    "vid_id": "JQl2zaUGNSU", 
    "steps": [
        {
            "end_frame": 339, 
            "start_frame": 222, 
            "desc": "add seasoning"
        }, 
        {
            "end_frame": 493, 
            "start_frame": 349, 
            "desc": "coat the chicken"
        }, 
        {
            "end_frame": 674, 
            "start_frame": 534, 
            "desc": "fry the chicken"
        }, 
        {
            "end_frame": 871, 
            "start_frame": 708, 
            "desc": "pour marinara sauce"
        }, 
        {
            "end_frame": 939, 
            "start_frame": 883, 
            "desc": "reduce the heat"
        }, 
        {
            "end_frame": 1243, 
            "start_frame": 1097, 
            "desc": "add cheese"
        }
    ], 
    "FPS": 5.0
}