{
    "vid_id": "JXCmp1jMi0w", 
    "steps": [
        {
            "end_frame": 227, 
            "start_frame": 108, 
            "desc": "mix milk ketchup onion and garlic"
        }, 
        {
            "end_frame": 312, 
            "start_frame": 239, 
            "desc": "marinate the chicken"
        }, 
        {
            "end_frame": 511, 
            "start_frame": 398, 
            "desc": "add spice"
        }, 
        {
            "end_frame": 594, 
            "start_frame": 520, 
            "desc": "mix"
        }, 
        {
            "end_frame": 826, 
            "start_frame": 650, 
            "desc": "coat the chicken"
        }, 
        {
            "end_frame": 939, 
            "start_frame": 903, 
            "desc": "whisk eggs"
        }, 
        {
            "end_frame": 1029, 
            "start_frame": 949, 
            "desc": "add water ketchup and garlic"
        }, 
        {
            "end_frame": 1159, 
            "start_frame": 1029, 
            "desc": "coat the chicken"
        }, 
        {
            "end_frame": 1381, 
            "start_frame": 1189, 
            "desc": "fry the chicken"
        }
    ], 
    "FPS": 5.0
}