{
    "vid_id": "L8hrpmpe4EU", 
    "steps": [
        {
            "end_frame": 400, 
            "start_frame": 345, 
            "desc": "add vinegar"
        }, 
        {
            "end_frame": 415, 
            "start_frame": 400, 
            "desc": "drink beer"
        }, 
        {
            "end_frame": 465, 
            "start_frame": 450, 
            "desc": "add pepper flakes"
        }, 
        {
            "end_frame": 600, 
            "start_frame": 500, 
            "desc": "add ground ginger"
        }, 
        {
            "end_frame": 640, 
            "start_frame": 625, 
            "desc": "drink beer"
        }, 
        {
            "end_frame": 730, 
            "start_frame": 650, 
            "desc": "add garlic"
        }, 
        {
            "end_frame": 800, 
            "start_frame": 765, 
            "desc": "add soy sauce"
        }, 
        {
            "end_frame": 975, 
            "start_frame": 825, 
            "desc": "mix"
        }, 
        {
            "end_frame": 1025, 
            "start_frame": 1000, 
            "desc": "pour"
        }
    ], 
    "FPS": 5.0
}