{
    "vid_id": "LkGmAy4Mlz4", 
    "steps": [
        {
            "end_frame": 468, 
            "start_frame": 315, 
            "desc": "season the wings"
        }, 
        {
            "end_frame": 674, 
            "start_frame": 583, 
            "desc": "mix"
        }, 
        {
            "end_frame": 850, 
            "start_frame": 763, 
            "desc": "whisk the eggs"
        }, 
        {
            "end_frame": 1160, 
            "start_frame": 1042, 
            "desc": "fry"
        }, 
        {
            "end_frame": 1258, 
            "start_frame": 1163, 
            "desc": "mix with the flour"
        }
    ], 
    "FPS": 5.0
}