{
    "vid_id": "lKhVjgker9E", 
    "steps": [
        {
            "end_frame": "674", 
            "start_frame": "628", 
            "desc": "add milk"
        }, 
        {
            "end_frame": "774", 
            "start_frame": "674", 
            "desc": "heat it up"
        }, 
        {
            "end_frame": "830", 
            "start_frame": "814", 
            "desc": "add sugar"
        }, 
        {
            "end_frame": "920", 
            "start_frame": "846", 
            "desc": "mix"
        }, 
        {
            "end_frame": "947", 
            "start_frame": "925", 
            "desc": "add cream"
        }, 
        {
            "end_frame": "1030", 
            "start_frame": "982", 
            "desc": "pour into container"
        }, 
        {
            "end_frame": "1112", 
            "start_frame": "1052", 
            "desc": "cook the mix"
        }, 
        {
            "end_frame": "1134", 
            "start_frame": "1115", 
            "desc": "pour into container"
        }
    ], 
    "FPS": 5.0
}