{
    "vid_id": "LV943DshjOc", 
    "steps": [
        {
            "end_frame": 469, 
            "start_frame": 389, 
            "desc": "heat tomato paste"
        }, 
        {
            "end_frame": 650, 
            "start_frame": 527, 
            "desc": "mix"
        }, 
        {
            "end_frame": 700, 
            "start_frame": 670, 
            "desc": "turn off the heat"
        }, 
        {
            "end_frame": 780, 
            "start_frame": 744, 
            "desc": "add butter"
        }, 
        {
            "end_frame": 972, 
            "start_frame": 810, 
            "desc": "add carrots and cauliflower"
        }, 
        {
            "end_frame": 1151, 
            "start_frame": 1023, 
            "desc": "drain the tomato"
        }, 
        {
            "end_frame": 1229, 
            "start_frame": 1149, 
            "desc": "put the vegetables"
        }, 
        {
            "end_frame": 1367, 
            "start_frame": 1300, 
            "desc": "turn on heat"
        }, 
        {
            "end_frame": 1438, 
            "start_frame": 1387, 
            "desc": "add salt and black pepper"
        }, 
        {
            "end_frame": 1495, 
            "start_frame": 1485, 
            "desc": " open the lid"
        }, 
        {
            "end_frame": 1706, 
            "start_frame": 1560, 
            "desc": "pour the soup out"
        }
    ], 
    "FPS": 5.0
}