{
    "vid_id": "LWuuCndtJr0", 
    "steps": [
        {
            "end_frame": 305, 
            "start_frame": 133, 
            "desc": "mix flour sugar baking powder and salt together in a bowl"
        }, 
        {
            "end_frame": 504, 
            "start_frame": 317, 
            "desc": "pour milk egg and oil in to the center and mix until smooth"
        }, 
        {
            "end_frame": 579, 
            "start_frame": 509, 
            "desc": "pour the batter onto a greased pan"
        }, 
        {
            "end_frame": 641, 
            "start_frame": 574, 
            "desc": "when the edges are brown and bubbles form flip the pancake"
        }
    ], 
    "FPS": 5.0
}