{
    "vid_id": "M8SHMUBnm4A", 
    "steps": [
        {
            "end_frame": 199, 
            "start_frame": 170, 
            "desc": "crack eggs"
        }, 
        {
            "end_frame": 410, 
            "start_frame": 343, 
            "desc": "put butter in a pan"
        }, 
        {
            "end_frame": 524, 
            "start_frame": 409, 
            "desc": "whisk the eggs"
        }, 
        {
            "end_frame": 628, 
            "start_frame": 587, 
            "desc": "pour the eggs"
        }, 
        {
            "end_frame": 905, 
            "start_frame": 648, 
            "desc": "move eggs around"
        }, 
        {
            "end_frame": 1087, 
            "start_frame": 1051, 
            "desc": "add salt and pepper"
        }
    ], 
    "FPS": 5.0
}