{
    "vid_id": "M8SHMUBnm4A", 
    "steps": [
        {
            "end_frame": "184", 
            "start_frame": "169", 
            "desc": "crack the eggs"
        }, 
        {
            "end_frame": "570", 
            "start_frame": "345", 
            "desc": "add butter"
        }, 
        {
            "end_frame": "617", 
            "start_frame": "574", 
            "desc": "add eggs"
        }, 
        {
            "end_frame": "1000", 
            "start_frame": "643", 
            "desc": "move egg around"
        }, 
        {
            "end_frame": "1125", 
            "start_frame": "1018", 
            "desc": "serve"
        }
    ], 
    "FPS": 5.0
}