{
    "vid_id": "M8SHMUBnm4_", 
    "steps": [
        {
            "end_frame": 199, 
            "start_frame": 170, 
            "desc": "marinate wings"
        }, 
        {
            "end_frame": 410, 
            "start_frame": 343, 
            "desc": "put butter in a pan"
        }, 
        {
            "end_frame": 524, 
            "start_frame": 409, 
            "desc": "put wings"
        }, 
        {
            "end_frame": 628, 
            "start_frame": 587, 
            "desc": "cook"
        }, 
        {
            "end_frame": 905, 
            "start_frame": 648, 
            "desc": "put wings on the table"
        }, 
        {
            "end_frame": 1087, 
            "start_frame": 1051, 
            "desc": "add bbq sauce"
        }
    ], 
    "FPS": 5.0
}