{
    "vid_id": "MnG_eKtLE9Q", 
    "steps": [
        {
            "end_frame": "360", 
            "start_frame": "300", 
            "desc": "rinse the pot"
        }, 
        {
            "end_frame": "565", 
            "start_frame": "400", 
            "desc": "add ice"
        }, 
        {
            "end_frame": "620", 
            "start_frame": "585", 
            "desc": "add salt"
        }, 
        {
            "end_frame": "745", 
            "start_frame": "675", 
            "desc": "add vinegar"
        }, 
        {
            "end_frame": "850", 
            "start_frame": "790", 
            "desc": "add water"
        }, 
        {
            "end_frame": "1100", 
            "start_frame": "1050", 
            "desc": "pour it out"
        }, 
        {
            "end_frame": "1275", 
            "start_frame": "1100", 
            "desc": "rub"
        }, 
        {
            "end_frame": "1450", 
            "start_frame": "1275", 
            "desc": "rinse"
        }, 
        {
            "end_frame": "1200", 
            "start_frame": "890", 
            "desc": "rinse"
        }
    ], 
    "FPS": 5.0
}