{
    "vid_id": "Nbh64ntT3kl", 
    "steps": [
        {
            "end_frame": "190", 
            "start_frame": "130", 
            "desc": "marinate wings"
        }, 
        {
            "end_frame": "215", 
            "start_frame": "196", 
            "desc": "add wings"
        }, 
        {
            "end_frame": "378", 
            "start_frame": "300", 
            "desc": "cook"
        }, 
        {
            "end_frame": "520", 
            "start_frame": "445", 
            "desc": "get out"
        }, 
        {
            "end_frame": "630", 
            "start_frame": "587", 
            "desc": "put in oven"
        }, 
        {
            "end_frame": "656", 
            "start_frame": "633", 
            "desc": "add salt and pepper"
        }, 
        {
            "end_frame": "993", 
            "start_frame": "816", 
            "desc": "serve"
        }
    ], 
    "FPS": 5.0
}