{
    "vid_id": "Nbh64ntT3EM", 
    "steps": [
        {
            "end_frame": "190", 
            "start_frame": "130", 
            "desc": "crack eggs"
        }, 
        {
            "end_frame": "215", 
            "start_frame": "196", 
            "desc": "add milk"
        }, 
        {
            "end_frame": "378", 
            "start_frame": "300", 
            "desc": "mix"
        }, 
        {
            "end_frame": "520", 
            "start_frame": "445", 
            "desc": "mix"
        }, 
        {
            "end_frame": "630", 
            "start_frame": "587", 
            "desc": "add butter to pan"
        }, 
        {
            "end_frame": "656", 
            "start_frame": "633", 
            "desc": "add egg to pan"
        }, 
        {
            "end_frame": "993", 
            "start_frame": "816", 
            "desc": "move eggs around"
        }
    ], 
    "FPS": 5.0
}