{
    "vid_id": "NjAtxfaLwCk", 
    "steps": [
        {
            "end_frame": 282, 
            "start_frame": 210, 
            "desc": "mix ingredients"
        }, 
        {
            "end_frame": 407, 
            "start_frame": 285, 
            "desc": "beat eggs"
        }, 
        {
            "end_frame": 524, 
            "start_frame": 419, 
            "desc": "mix"
        }, 
        {
            "end_frame": 777, 
            "start_frame": 519, 
            "desc": "put butter on a pan"
        }, 
        {
            "end_frame": 1062, 
            "start_frame": 783, 
            "desc": "cook"
        }, 
        {
            "end_frame": 1275, 
            "start_frame": 1132, 
            "desc": "serve"
        }
    ], 
    "FPS": 5.0
}