{
    "vid_id": "olrxEUXmlVA", 
    "steps": [
        {
            "end_frame": 529, 
            "start_frame": 505, 
            "desc": "add oil"
        }, 
        {
            "end_frame": 644, 
            "start_frame": 540, 
            "desc": "fry the chorizo"
        }, 
        {
            "end_frame": 705, 
            "start_frame": 686, 
            "desc": "add eggs"
        }, 
        {
            "end_frame": 778, 
            "start_frame": 707, 
            "desc": "mix"
        }
    ], 
    "FPS": 5.0
}