{
    "vid_id": "OQyRuOEKfVk", 
    "steps": [
        {
            "end_frame": "76", 
            "start_frame": "15", 
            "desc": "crack the eggs"
        }, 
        {
            "end_frame": "105", 
            "start_frame": "83", 
            "desc": "remove shell"
        }, 
        {
            "end_frame": "158", 
            "start_frame": "133", 
            "desc": "add pepper"
        }, 
        {
            "end_frame": "380", 
            "start_frame": "195", 
            "desc": "scramble"
        }, 
        {
            "end_frame": "435", 
            "start_frame": "400", 
            "desc": "pout into pan"
        }, 
        {
            "end_frame": "565", 
            "start_frame": "445", 
            "desc": "move egg around"
        }, 
        {
            "end_frame": "720", 
            "start_frame": "571", 
            "desc": "add cheese"
        }, 
        {
            "end_frame": "950", 
            "start_frame": "772", 
            "desc": "flip"
        }, 
        {
            "end_frame": "1045", 
            "start_frame": "1005", 
            "desc": "add to plate"
        }
    ], 
    "FPS": 5.0
}