{
    "vid_id": "Os-sHx3zM4Q", 
    "steps": [
        {
            "end_frame": 310, 
            "start_frame": 122, 
            "desc": "slice the chicken"
        }, 
        {
            "end_frame": 450, 
            "start_frame": 379, 
            "desc": "whisk the egg"
        }, 
        {
            "end_frame": 669, 
            "start_frame": 455, 
            "desc": "dunk the chicken in the mixture"
        }, 
        {
            "end_frame": 860, 
            "start_frame": 664, 
            "desc": "dunk the chicken in the mixture"
        }, 
        {
            "end_frame": 2184, 
            "start_frame": 870, 
            "desc": "fry the meatballs"
        }, 
        {
            "end_frame": 2477, 
            "start_frame": 2248, 
            "desc": "pour tomato sauce"
        }, 
        {
            "end_frame": 2626, 
            "start_frame": 2485, 
            "desc": "add salt"
        }, 
        {
            "end_frame": 2758, 
            "start_frame": 2640, 
            "desc": "add cheese"
        }
    ], 
    "FPS": 5.0
}