{
    "vid_id": "paH7dkWpaNI", 
    "steps": [
        {
            "end_frame": "265", 
            "start_frame": "230", 
            "desc": "add condenses milk"
        }, 
        {
            "end_frame": "324", 
            "start_frame": "270", 
            "desc": "add vanilla paste"
        }, 
        {
            "end_frame": "365", 
            "start_frame": "344", 
            "desc": "add salt"
        }, 
        {
            "end_frame": "400", 
            "start_frame": "367", 
            "desc": "mix"
        }, 
        {
            "end_frame": "500", 
            "start_frame": "470", 
            "desc": "put oreos in ziploc"
        }, 
        {
            "end_frame": "590", 
            "start_frame": "510", 
            "desc": "beat oreos"
        }, 
        {
            "end_frame": "760", 
            "start_frame": "665", 
            "desc": "mix"
        }, 
        {
            "end_frame": "1000", 
            "start_frame": "797", 
            "desc": "put milk"
        }, 
        {
            "end_frame": "1057", 
            "start_frame": "1017", 
            "desc": "add oreo"
        }, 
        {
            "end_frame": "1150", 
            "start_frame": "1060", 
            "desc": "mix"
        }, 
        {
            "end_frame": "1286", 
            "start_frame": "1193", 
            "desc": "put into container"
        }
    ], 
    "FPS": 5.0
}