{
    "vid_id": "pDrk2MNTepY", 
    "steps": [
        {
            "end_frame": 250, 
            "start_frame": 209, 
            "desc": "add oil"
        }, 
        {
            "end_frame": 319, 
            "start_frame": 292, 
            "desc": "add basal"
        }, 
        {
            "end_frame": 405, 
            "start_frame": 334, 
            "desc": "add tomatos and sugar"
        }, 
        {
            "end_frame": 466, 
            "start_frame": 428, 
            "desc": "pound the chicken"
        }, 
        {
            "end_frame": 551, 
            "start_frame": 467, 
            "desc": "coat the chicken"
        }, 
        {
            "end_frame": 603, 
            "start_frame": 559, 
            "desc": "score the chicken"
        }, 
        {
            "end_frame": 661, 
            "start_frame": 605, 
            "desc": "add chicken"
        }, 
        {
            "end_frame": 796, 
            "start_frame": 761, 
            "desc": "cook in the oven"
        }, 
        {
            "end_frame": 957, 
            "start_frame": 856, 
            "desc": "add pepper"
        }, 
        {
            "end_frame": 1088, 
            "start_frame": 984, 
            "desc": "put chicken into plate"
        }, 
        {
            "end_frame": 1184, 
            "start_frame": 1095, 
            "desc": "place in the oven"
        }, 
        {
            "end_frame": 1233, 
            "start_frame": 1204, 
            "desc": "serve"
        }
    ], 
    "FPS": 5.0
}