{
    "vid_id": "pluBtIfxUvE", 
    "steps": [
        {
            "end_frame": 166, 
            "start_frame": 100, 
            "desc": "add the lobster"
        }, 
        {
            "end_frame": 339, 
            "start_frame": 287, 
            "desc": "pour eggs"
        }, 
        {
            "end_frame": 745, 
            "start_frame": 371, 
            "desc": "move eggs around"
        }, 
        {
            "end_frame": 847, 
            "start_frame": 758, 
            "desc": "serve"
        }
    ], 
    "FPS": 5.0
}