{
    "vid_id": "pM_PWPHYTIw", 
    "steps": [
        {
            "end_frame": "660", 
            "start_frame": "270", 
            "desc": "extract vanilla"
        }, 
        {
            "end_frame": "800", 
            "start_frame": "662", 
            "desc": "crack eggs"
        }, 
        {
            "end_frame": "893", 
            "start_frame": "805", 
            "desc": "scramble eggs"
        }, 
        {
            "end_frame": "1013", 
            "start_frame": "895", 
            "desc": "add cream"
        }, 
        {
            "end_frame": "1076", 
            "start_frame": "1025", 
            "desc": "add vanilla"
        }, 
        {
            "end_frame": "1384", 
            "start_frame": "1076", 
            "desc": "cook the mix"
        }, 
        {
            "end_frame": "1450", 
            "start_frame": "1386", 
            "desc": "whisk"
        }, 
        {
            "end_frame": "1760", 
            "start_frame": "1450", 
            "desc": "add vanilla"
        }, 
        {
            "end_frame": "1922", 
            "start_frame": "1764", 
            "desc": "whisk"
        }, 
        {
            "end_frame": "2137", 
            "start_frame": "1928", 
            "desc": "pour into container"
        }
    ], 
    "FPS": 5.0
}