{
    "vid_id": "PYjrGqPHGhY", 
    "steps": [
        {
            "end_frame": 387, 
            "start_frame": 177, 
            "desc": "mix flour, salt and sugar"
        }, 
        {
            "end_frame": 843, 
            "start_frame": 435, 
            "desc": "mix egg, butter and milk"
        }, 
        {
            "end_frame": 1175, 
            "start_frame": 888, 
            "desc": "mix"
        }, 
        {
            "end_frame": 1584, 
            "start_frame": 1493, 
            "desc": "oil the pan"
        }, 
        {
            "end_frame": 1866, 
            "start_frame": 1685, 
            "desc": "pour onto the pan"
        }, 
        {
            "end_frame": 2109, 
            "start_frame": 2026, 
            "desc": "flip"
        }, 
        {
            "end_frame": 2386, 
            "start_frame": 2256, 
            "desc": "put on a plate"
        }
    ], 
    "FPS": 5.0
}