{
    "vid_id": "Qh_rtJaCpXs", 
    "steps": [
        {
            "end_frame": 415, 
            "start_frame": 254, 
            "desc": "add greens and cheese to chicken"
        }, 
        {
            "end_frame": 484, 
            "start_frame": 422, 
            "desc": "add bread crumbs"
        }, 
        {
            "end_frame": 548, 
            "start_frame": 487, 
            "desc": "make small balls"
        }, 
        {
            "end_frame": 605, 
            "start_frame": 548, 
            "desc": "put olive oil"
        }, 
        {
            "end_frame": 688, 
            "start_frame": 620, 
            "desc": "make sauce "
        }, 
        {
            "end_frame": 755, 
            "start_frame": 684, 
            "desc": "boil"
        }, 
        {
            "end_frame": 851, 
            "start_frame": 788, 
            "desc": "cook for 35 minutes"
        }, 
        {
            "end_frame": 966, 
            "start_frame": 939, 
            "desc": " add the fried meatballs"
        }, 
        {
            "end_frame": 1096, 
            "start_frame": 1041, 
            "desc": " serve"
        }
    ], 
    "FPS": 5.0
}