{
    "vid_id": "r1VJMk2QUmI", 
    "steps": [
        {
            "end_frame": "115", 
            "start_frame": "96", 
            "desc": "put jello"
        }, 
        {
            "end_frame": "162", 
            "start_frame": "134", 
            "desc": "pour boiling water"
        }, 
        {
            "end_frame": "208", 
            "start_frame": "163", 
            "desc": "mix"
        }, 
        {
            "end_frame": "252", 
            "start_frame": "238", 
            "desc": "whisk"
        }, 
        {
            "end_frame": "310", 
            "start_frame": "262", 
            "desc": "pour alcohol"
        }, 
        {
            "end_frame": "467", 
            "start_frame": "400", 
            "desc": "pour into containers"
        }, 
        {
            "end_frame": "510", 
            "start_frame": "468", 
            "desc": "put into fridge"
        }
    ], 
    "FPS": 5.0
}