{
    "vid_id": "rp_yk7TAv00", 
    "steps": [
        {
            "end_frame": "218", 
            "start_frame": "199", 
            "desc": "add milk"
        }, 
        {
            "end_frame": "262", 
            "start_frame": "235", 
            "desc": "add ice cream"
        }, 
        {
            "end_frame": "311", 
            "start_frame": "267", 
            "desc": "add fruit"
        }, 
        {
            "end_frame": "442", 
            "start_frame": "412", 
            "desc": "mix"
        }, 
        {
            "end_frame": "524", 
            "start_frame": "491", 
            "desc": "pour into cup"
        }
    ], 
    "FPS": 5.0
}