{
    "vid_id": "RpbY0x_4bGc", 
    "steps": [
        {
            "end_frame": "267", 
            "start_frame": "231", 
            "desc": "beat the chicken"
        }, 
        {
            "end_frame": "310", 
            "start_frame": "268", 
            "desc": "put chicken into pan"
        }, 
        {
            "end_frame": "384", 
            "start_frame": "314", 
            "desc": "flip the chicken"
        }, 
        {
            "end_frame": "474", 
            "start_frame": "385", 
            "desc": "cook"
        }, 
        {
            "end_frame": "535", 
            "start_frame": "475", 
            "desc": "flip the chicken"
        }, 
        {
            "end_frame": "643", 
            "start_frame": "537", 
            "desc": "cut"
        }
    ], 
    "FPS": 5.0
}