{
    "vid_id": "soByLvI6SSY", 
    "steps": [
        {
            "end_frame": 80, 
            "start_frame": 53, 
            "desc": "break eggs"
        }, 
        {
            "end_frame": 138, 
            "start_frame": 95, 
            "desc": "pour milk"
        }, 
        {
            "end_frame": 241, 
            "start_frame": 156, 
            "desc": "whisk"
        }, 
        {
            "end_frame": 519, 
            "start_frame": 260, 
            "desc": "add more ingredients and whisk"
        }, 
        {
            "end_frame": 709, 
            "start_frame": 570, 
            "desc": "add  milk"
        }, 
        {
            "end_frame": 874, 
            "start_frame": 748, 
            "desc": "heat  a pan"
        }, 
        {
            "end_frame": 1009, 
            "start_frame": 921, 
            "desc": "cook pancages"
        }, 
        {
            "end_frame": 1104, 
            "start_frame": 1059, 
            "desc": "separate the pancakes"
        }, 
        {
            "end_frame": 1186, 
            "start_frame": 1124, 
            "desc": "flip"
        }, 
        {
            "end_frame": 1347, 
            "start_frame": 1224, 
            "desc": "flip"
        }, 
        {
            "end_frame": 1438, 
            "start_frame": 1395, 
            "desc": "put the pancakes on a towel"
        }, 
        {
            "end_frame": 1481, 
            "start_frame": 1470, 
            "desc": "serve"
        }
    ], 
    "FPS": 5.0
}