{
    "vid_id": "T6MirzJzkZM", 
    "steps": [
        {
            "end_frame": "104", 
            "start_frame": "62", 
            "desc": "add oreo"
        }, 
        {
            "end_frame": "120", 
            "start_frame": "104", 
            "desc": "pour milk"
        }, 
        {
            "end_frame": "142", 
            "start_frame": "134", 
            "desc": "add ice cream"
        }, 
        {
            "end_frame": "188", 
            "start_frame": "144", 
            "desc": "mix"
        }, 
        {
            "end_frame": "224", 
            "start_frame": "196", 
            "desc": "pour to glass"
        }, 
        {
            "end_frame": "268", 
            "start_frame": "226", 
            "desc": "add whipped cream"
        }, 
        {
            "end_frame": "326", 
            "start_frame": "303", 
            "desc": "add chocolate flakes"
        }, 
        {
            "end_frame": "366", 
            "start_frame": "334", 
            "desc": "serve"
        }
    ], 
    "FPS": 5.0
}