{
    "vid_id": "TGyb7uBXe9E", 
    "steps": [
        {
            "end_frame": 71, 
            "start_frame": 4, 
            "desc": "heat butter"
        }, 
        {
            "end_frame": 116, 
            "start_frame": 70, 
            "desc": "whisk eggs"
        }, 
        {
            "end_frame": 181, 
            "start_frame": 115, 
            "desc": "pour eggs"
        }, 
        {
            "end_frame": 688, 
            "start_frame": 261, 
            "desc": "move eggs around"
        }, 
        {
            "end_frame": 765, 
            "start_frame": 706, 
            "desc": "serve"
        }
    ], 
    "FPS": 5.0
}