{
    "vid_id": "tjIVUPZIv9U", 
    "steps": [
        {
            "end_frame": 240, 
            "start_frame": 224, 
            "desc": "put flour into bowl"
        }, 
        {
            "end_frame": 280, 
            "start_frame": 252, 
            "desc": "add salt"
        }, 
        {
            "end_frame": 369, 
            "start_frame": 278, 
            "desc": "whisk eggs"
        }, 
        {
            "end_frame": 419, 
            "start_frame": 379, 
            "desc": "add milk"
        }, 
        {
            "end_frame": 429, 
            "start_frame": 397, 
            "desc": "let the mixture rest"
        }, 
        {
            "end_frame": 474, 
            "start_frame": 432, 
            "desc": "heat the pan"
        }, 
        {
            "end_frame": 520, 
            "start_frame": 484, 
            "desc": "add butter"
        }, 
        {
            "end_frame": 597, 
            "start_frame": 585, 
            "desc": "flip the pancake"
        }, 
        {
            "end_frame": 666, 
            "start_frame": 660, 
            "desc": "add chocolate chips"
        }
    ], 
    "FPS": 5.0
}