{
    "vid_id": "tPLVNKgs8LK", 
    "steps": [
        {
            "end_frame": 247, 
            "start_frame": 114, 
            "desc": "mix"
        }, 
        {
            "end_frame": 494, 
            "start_frame": 252, 
            "desc": "whisk"
        }, 
        {
            "end_frame": 637, 
            "start_frame": 540, 
            "desc": "pour into pan"
        }, 
        {
            "end_frame": 770, 
            "start_frame": 713, 
            "desc": "flip the pancakes"
        }, 
        {
            "end_frame": 953, 
            "start_frame": 803, 
            "desc": "serve"
        }
    ], 
    "FPS": 5.0
}