{
    "vid_id": "TuXvZM--HRc", 
    "steps": [
        {
            "end_frame": "600", 
            "start_frame": "475", 
            "desc": "use the zip-it in"
        }, 
        {
            "end_frame": "665", 
            "start_frame": "625", 
            "desc": "use the zip-it in"
        }, 
        {
            "end_frame": "775", 
            "start_frame": "750", 
            "desc": "use the zip-it in"
        }, 
        {
            "end_frame": "975", 
            "start_frame": "820", 
            "desc": "pour water"
        }, 
        {
            "end_frame": "950", 
            "start_frame": "900", 
            "desc": "pour water"
        }, 
        {
            "end_frame": "1105", 
            "start_frame": "960", 
            "desc": "pull the plumber snake out"
        }, 
        {
            "end_frame": "1200", 
            "start_frame": "1140", 
            "desc": "put the overflow cover back"
        }
    ], 
    "FPS": 5.0
}