{
    "vid_id": "uP5mokoQJ8M", 
    "steps": [
        {
            "end_frame": 175, 
            "start_frame": 150, 
            "desc": "pour water"
        }, 
        {
            "end_frame": 235, 
            "start_frame": 175, 
            "desc": "pour vodka"
        }, 
        {
            "end_frame": 275, 
            "start_frame": 250, 
            "desc": "add jello powder"
        }, 
        {
            "end_frame": 300, 
            "start_frame": 275, 
            "desc": "mix"
        }, 
        {
            "end_frame": 350, 
            "start_frame": 325, 
            "desc": "pour"
        }
    ], 
    "FPS": 5.0
}