{
    "vid_id": "V53XmPeyjIU", 
    "steps": [
        {
            "end_frame": 124, 
            "start_frame": 78, 
            "desc": "mix everything"
        }, 
        {
            "end_frame": 186, 
            "start_frame": 159, 
            "desc": "freeze chicken"
        }, 
        {
            "end_frame": 269, 
            "start_frame": 234, 
            "desc": "rinse chicken"
        }, 
        {
            "end_frame": 440, 
            "start_frame": 301, 
            "desc": "season the chicken"
        }, 
        {
            "end_frame": 511, 
            "start_frame": 461, 
            "desc": "add salt to flour"
        }, 
        {
            "end_frame": 647, 
            "start_frame": 545, 
            "desc": "coat the chicken"
        }, 
        {
            "end_frame": 837, 
            "start_frame": 790, 
            "desc": "add the chicken"
        }, 
        {
            "end_frame": 900, 
            "start_frame": 867, 
            "desc": "fry"
        }
    ], 
    "FPS": 5.0
}