{
    "vid_id": "vpRz4jPFCmo", 
    "steps": [
        {
            "end_frame": 265, 
            "start_frame": 122, 
            "desc": "mix beef onion carrot parsley egg breadcrumbs and feta cheese"
        }, 
        {
            "end_frame": 337, 
            "start_frame": 274, 
            "desc": "mix flour salt and pepper"
        }, 
        {
            "end_frame": 555, 
            "start_frame": 343, 
            "desc": "coat the meatballs"
        }, 
        {
            "end_frame": 750, 
            "start_frame": 609, 
            "desc": "heat olive oil"
        }, 
        {
            "end_frame": 878, 
            "start_frame": 756, 
            "desc": "add tomato"
        }, 
        {
            "end_frame": 1039, 
            "start_frame": 934, 
            "desc": "add the meatballs"
        }, 
        {
            "end_frame": 1130, 
            "start_frame": 1045, 
            "desc": "cook the pasta"
        }, 
        {
            "end_frame": 1247, 
            "start_frame": 1160, 
            "desc": "serve"
        }
    ], 
    "FPS": 5.0
}