{
    "vid_id": "VYBc4yqx11A", 
    "steps": [
        {
            "end_frame": "125", 
            "start_frame": "75", 
            "desc": "pull off as much gum as possible"
        }, 
        {
            "end_frame": "160", 
            "start_frame": "125", 
            "desc": "fill the bag with ice"
        }, 
        {
            "end_frame": "260", 
            "start_frame": "165", 
            "desc": "freeze the gum"
        }, 
        {
            "end_frame": "335", 
            "start_frame": "265", 
            "desc": "scrub off with a knife"
        }, 
        {
            "end_frame": "430", 
            "start_frame": "380", 
            "desc": "freeze the gum"
        }, 
        {
            "end_frame": "485", 
            "start_frame": "435", 
            "desc": "scrub off with a knife"
        }
    ], 
    "FPS": 5.0
}