{
    "vid_id": "vZ7Pz9jM7zk", 
    "steps": [
        {
            "end_frame": 350, 
            "start_frame": 113, 
            "desc": "mix seasoning"
        }, 
        {
            "end_frame": 406, 
            "start_frame": 352, 
            "desc": "stir"
        }, 
        {
            "end_frame": 521, 
            "start_frame": 418, 
            "desc": "crack eggs"
        }, 
        {
            "end_frame": 617, 
            "start_frame": 574, 
            "desc": "dip the chicken in the egg mixture"
        }, 
        {
            "end_frame": 686, 
            "start_frame": 615, 
            "desc": "coat the chicken in the flour"
        }, 
        {
            "end_frame": 901, 
            "start_frame": 809, 
            "desc": "add oil"
        }, 
        {
            "end_frame": 976, 
            "start_frame": 921, 
            "desc": "pour mixture onto the chicken"
        }
    ], 
    "FPS": 5.0
}