{
    "vid_id": "WcNepcoPYmA", 
    "steps": [
        {
            "end_frame": 235, 
            "start_frame": 158, 
            "desc": "cut the chicken"
        }, 
        {
            "end_frame": 336, 
            "start_frame": 246, 
            "desc": "mix ingredients"
        }, 
        {
            "end_frame": 412, 
            "start_frame": 375, 
            "desc": "crack eggs"
        }, 
        {
            "end_frame": 566, 
            "start_frame": 418, 
            "desc": "coat eggs"
        }, 
        {
            "end_frame": 666, 
            "start_frame": 574, 
            "desc": "cook in the oven"
        }, 
        {
            "end_frame": 855, 
            "start_frame": 662, 
            "desc": "add souce"
        }
    ], 
    "FPS": 5.0
}