{
    "vid_id": "xAg7z6u4NE8", 
    "steps": [
        {
            "end_frame": "200", 
            "start_frame": "160", 
            "desc": "put the tie"
        }, 
        {
            "end_frame": "320", 
            "start_frame": "300", 
            "desc": "cross left to righ"
        }, 
        {
            "end_frame": "725", 
            "start_frame": "600", 
            "desc": "thread it"
        }, 
        {
            "end_frame": "850", 
            "start_frame": "750", 
            "desc": "wrap around the back"
        }, 
        {
            "end_frame": "1000", 
            "start_frame": "900", 
            "desc": "thread it"
        }, 
        {
            "end_frame": "1200", 
            "start_frame": "1100", 
            "desc": "wrap"
        }, 
        {
            "end_frame": "1450", 
            "start_frame": "1275", 
            "desc": "thread"
        }, 
        {
            "end_frame": "1610", 
            "start_frame": "1500", 
            "desc": "adjust"
        }
    ], 
    "FPS": 5.0
}