{
    "vid_id": "XbTA0SGOdwk", 
    "steps": [
        {
            "end_frame": 430, 
            "start_frame": 264, 
            "desc": "mix everything"
        }, 
        {
            "end_frame": 549, 
            "start_frame": 487, 
            "desc": "add oil and herbs"
        }, 
        {
            "end_frame": 616, 
            "start_frame": 561, 
            "desc": "add pasta"
        }, 
        {
            "end_frame": 699, 
            "start_frame": 663, 
            "desc": "add oil and onions"
        }, 
        {
            "end_frame": 804, 
            "start_frame": 700, 
            "desc": "add garlic and tomatos"
        }, 
        {
            "end_frame": 1019, 
            "start_frame": 809, 
            "desc": "mix the sauce"
        }, 
        {
            "end_frame": 1054, 
            "start_frame": 1030, 
            "desc": "add oil"
        }, 
        {
            "end_frame": 1127, 
            "start_frame": 1052, 
            "desc": "fry"
        }, 
        {
            "end_frame": 1154, 
            "start_frame": 1125, 
            "desc": "place the meatballs in the sauce"
        }, 
        {
            "end_frame": 1236, 
            "start_frame": 1185, 
            "desc": "add basal leaves to the sauce"
        }
    ], 
    "FPS": 5.0
}