{
    "vid_id": "z6GDbQ7nqic", 
    "steps": [
        {
            "end_frame": 290, 
            "start_frame": 113, 
            "desc": "flip chickens"
        }, 
        {
            "end_frame": 649, 
            "start_frame": 642, 
            "desc": "heat up"
        }, 
        {
            "end_frame": 830, 
            "start_frame": 666, 
            "desc": "grill the chicken"
        }, 
        {
            "end_frame": 976, 
            "start_frame": 825, 
            "desc": "cook in low heat"
        }, 
        {
            "end_frame": 1172, 
            "start_frame": 1077, 
            "desc": "put on a plate"
        }
    ], 
    "FPS": 5.0
}