{
    "vid_id": "zBexcthy_tA", 
    "steps": [
        {
            "end_frame": 231, 
            "start_frame": 75, 
            "desc": "cut the chicken"
        }, 
        {
            "end_frame": 381, 
            "start_frame": 265, 
            "desc": "pound the chicken"
        }, 
        {
            "end_frame": 513, 
            "start_frame": 448, 
            "desc": "whisk the eggs"
        }, 
        {
            "end_frame": 599, 
            "start_frame": 513, 
            "desc": "mix crumbs and cheese"
        }, 
        {
            "end_frame": 673, 
            "start_frame": 605, 
            "desc": "mix flour and pepper"
        }, 
        {
            "end_frame": 832, 
            "start_frame": 674, 
            "desc": "coat the chicken in the mixture"
        }, 
        {
            "end_frame": 966, 
            "start_frame": 912, 
            "desc": "add oil to a pan"
        }, 
        {
            "end_frame": 1132, 
            "start_frame": 960, 
            "desc": "fry the chicken"
        }, 
        {
            "end_frame": 1244, 
            "start_frame": 1164, 
            "desc": "put the chicken in a dish"
        }, 
        {
            "end_frame": 1543, 
            "start_frame": 1236, 
            "desc": "add marinara sauce"
        }, 
        {
            "end_frame": 1598, 
            "start_frame": 1549, 
            "desc": "bake the chicken"
        }
    ], 
    "FPS": 5.0
}