{
    "vid_id": "ZI7HOeDm7E4", 
    "steps": [
        {
            "end_frame": "290", 
            "start_frame": "220", 
            "desc": "pull off as much as possible"
        }, 
        {
            "end_frame": "415", 
            "start_frame": "290", 
            "desc": "freeze the gum"
        }, 
        {
            "end_frame": "475", 
            "start_frame": "415", 
            "desc": "scrape off the gum "
        }, 
        {
            "end_frame": "520", 
            "start_frame": "485", 
            "desc": "pull off as much as possible"
        }, 
        {
            "end_frame": "550", 
            "start_frame": "520", 
            "desc": "put in freezer"
        }, 
        {
            "end_frame": "625", 
            "start_frame": "725", 
            "desc": "scrub with a toothbrush"
        }
    ], 
    "FPS": 5.0
}