{
    "How to Make a Smoothie": [
        "25f3NzjZQic", 
        "crea9-hNNw4", 
        "rp_yk7TAv00", 
        "0zWG0gCPVhg", 
        "hEm2oWVXj3g"
    ], 
    "How to Tie a Tie": [
        "9BMhFmNzw-o", 
        "HXJx8j7JpKY", 
        "pZYXo6vqvd8", 
        "T0NPYZyI7V8", 
        "xAg7z6u4NE8"
    ], 
    "How to Unclog Bathroom Drain": [
        "8Invxjkna5o", 
        "iNilMYcqhGg", 
        "rE0b0zRkkmo", 
        "TuXvZM--HRc", 
        "YwANFKK__kk"
    ], 
    "How to Make Spaghetti": [
        "2zCltKMSACE", 
        "__5RJw4UP1Y", 
        "bmZB3aszZlA", 
        "vpRz4jPFCmo", 
        "pDrk2MNTepY"
    ], 
    "How to Broil a Steak": [
        "8x0WFPhKQ_I", 
        "eAOjXVrwPbM", 
        "hgTqSOxvMmo", 
        "rSHPkVZ0sFA", 
        "4e4T8xaQsw0"
    ], 
    "How to Make Chicken Parmesan": [
        "0eCScMSsl_Y", 
        "bqmkNRNd5yw", 
        "JQl2zaUGNSU", 
        "z6GDbQ7nqic", 
        "zBexcthy_tA"
    ], 
    "How to Make an Omelette": [
        "1dGBRGtyzX0", 
        "AJ2uBYCVHik", 
        "OQyRuOEKfVk", 
        "PLDUqyS2AGA", 
        "FbLU87PYsZE"
    ], 
    "How to Make Chicken Wings": [
        "5cwg5mURihI", 
        "jbjg6w5taGU", 
        "LkGmAy4Mlz4", 
        "M8SHMUBnm4_", 
        "Nbh64ntT3kl"
    ], 
    "How to Make Pancakes": [
        "7ebZWviUfUA", 
        "Db6SYxAfmPM", 
        "LWuuCndtJr0", 
        "NjAtxfaLwCk", 
        "PYjrGqPHGhY"
    ], 
    "How to Make a Tomato Soup": [
        "9F5FvWheSrg", 
        "G_oxCFd1krc", 
        "GgM8IIglBLw", 
        "i_wZnw6f5Fw", 
        "XMX_DmycSY0"
    ], 
    "How to Clean a Coffee Maker": [
        "ivJXrsMG6NY", 
        "MnG_eKtLE9Q", 
        "p6opvmmGQaA", 
        "qGTICIyJ-10", 
        "TWJuPDCmmYQ"
    ], 
    "How to Remove Gum from Clothes": [
        "GcX6KF-pNQU", 
        "NIsVHTZnZQ4", 
        "PjTIulUYCfI", 
        "VYBc4yqx11A", 
        "ZI7HOeDm7E4"
    ], 
    "How to Make Chicken Tighs": [
        "77mTZjLhy0o", 
        "8d1fxbyxE9c", 
        "aLD26tEm_fU", 
        "j3hqxRuGTns", 
        "V53XmPeyjIU"
    ], 
    "How to Make Jello Shots": [
        "4H4KtT-Dbbg", 
        "9cgx2Pyeq7Y", 
        "cXxoqnwLV7U", 
        "r1VJMk2QUmI", 
        "uP5mokoQJ8M"
    ], 
    "How to Make a Fried Chicken": [
        "fq37BTAjPHk", 
        "HEQqdbXagok", 
        "JXCmp1jMi0w", 
        "UbunZxDifYU", 
        "uxEhH6MPH28"
    ], 
    "How to Make Waffles": [
        "soByLvI6SSY", 
        "tjIVUPZIv9U", 
        "wiWB46xiIwU", 
        "Z1ajYx0UIxo", 
        "tPLVNKgs8LK"
    ], 
    "How to Cook Ham in Oven": [
        "8HG_raAiRVs", 
        "__ffoprGW3o", 
        "OOX012L_cXA", 
        "WcNepcoPYmA", 
        "vZ7Pz9jM7zk"
    ], 
    "How to Make British Breakfast": [
        "Nbh64ntT3EM", 
        "olrxEUXmlVA", 
        "pluBtIfxUvE", 
        "R4vDqlKMbrk", 
        "TFJ6oR89Vb8"
    ], 
    "How to Make a Milkshake": [
        "7wa0ahaM8f0", 
        "aJZBL8dkXXQ", 
        "cmgbSBi7VWQ", 
        "fzfyfHUPfoo", 
        "T6MirzJzkZM"
    ], 
    "How to Make Scrambled Eggs": [
        "Be0koDmxrtQ", 
        "NZtwPf32YN4", 
        "RAsemdTGDYk", 
        "TGyb7uBXe9E", 
        "Vuy2nrJz0Zw"
    ], 
    "How to Make a Ice Cream": [
        "j70yTq2ysLQ", 
        "lKhVjgker9E", 
        "paH7dkWpaNI", 
        "pM_PWPHYTIw", 
        "th01pwLuWY8"
    ], 
    "How to Make Meatballs": [
        "bp-m0CGtCPo", 
        "Qh_rtJaCpXs", 
        "u_EbTnpbHRk", 
        "XbTA0SGOdwk", 
        "Os-sHx3zM4Q"
    ], 
    "How to Make a Creamy Soup": [
        "danq5zt1zlQ", 
        "FeUEV0a6I5I", 
        "LV943DshjOc", 
        "SsafTopywFo", 
        "PzWsyPHoSyQ"
    ], 
    "How to Make Beef Jerky": [
        "jDVo0XW2GOM", 
        "MZiRrf2Zip4", 
        "T4IDl0ywnIs", 
        "FzZwTnbxQTg", 
        "L8hrpmpe4EU"
    ], 
    "How to Cook Chicken Breasts": [
        "7gJhumtqrZA", 
        "B2oK-Y26eSI", 
        "FXLr56-rD68", 
        "HdTnVFgIf70", 
        "RpbY0x_4bGc"
    ]
}